match_mode,strategy,model,student,question,expected_id,expected_category,is_clean,detected_name,matched_id,fuzzy_score,semantic_score,match_score,result,confidence
hybrid,baseline,openai/gpt-5.1,Simon_Jeffrey_923974,Q3,NM_IO_01,The Anthropomorphic I/O Machine,False,,,0.0,0.0,0.0,FN,
hybrid,baseline,google/gemini-2.5-flash-preview-09-2025,Simon_Jeffrey_923974,Q3,NM_IO_01,The Anthropomorphic I/O Machine,False,Input Variable Order Confusion,NM_IO_01,0.0,0.7244318120274079,0.32599431541233354,TP,1.0
hybrid,baseline,anthropic/claude-haiku-4.5,Simon_Jeffrey_923974,Q3,NM_IO_01,The Anthropomorphic I/O Machine,False,Input Order Misalignment with Prompt,NM_IO_01,0.0,0.7589148487794168,0.34151168195073756,TP,0.95
hybrid,baseline,openai/gpt-5.1:reasoning,Simon_Jeffrey_923974,Q3,NM_IO_01,The Anthropomorphic I/O Machine,False,,,0.0,0.0,0.0,FN,
hybrid,baseline,google/gemini-2.5-flash-preview-09-2025:reasoning,Simon_Jeffrey_923974,Q3,NM_IO_01,The Anthropomorphic I/O Machine,False,Input Order vs. Variable Assignment Mapping,NM_IO_01,0.0,0.6840301230513997,0.3078135553731298,TP,1.0
hybrid,baseline,anthropic/claude-haiku-4.5:reasoning,Simon_Jeffrey_923974,Q3,NM_IO_01,The Anthropomorphic I/O Machine,False,Input Variable Assignment Order Confusion,NM_IO_01,0.0,0.7493125856246509,0.33719066353109284,TP,0.95
hybrid,baseline,openai/gpt-5.1,Adams_Maria_564451,Q3,NM_SYN_01,The Algebraic Syntax Machine,False,Using ^ as an exponent operator,NM_SYN_01,0.0,0.7881345801530183,0.3546605610688582,TP,0.99
hybrid,baseline,google/gemini-2.5-flash-preview-09-2025,Adams_Maria_564451,Q3,NM_SYN_01,The Algebraic Syntax Machine,False,Bitwise XOR Misinterpreted as Exponentiation,NM_SYN_01,0.0,0.8532942126002919,0.3839823956701313,TP,1.0
hybrid,baseline,anthropic/claude-haiku-4.5,Adams_Maria_564451,Q3,NM_SYN_01,The Algebraic Syntax Machine,False,Bitwise XOR Confused with Exponentiation,NM_SYN_01,0.0,0.8404504495614686,0.37820270230266084,TP,0.99
hybrid,baseline,openai/gpt-5.1:reasoning,Adams_Maria_564451,Q3,NM_SYN_01,The Algebraic Syntax Machine,False,Using '^' as exponentiation operator,NM_SYN_01,0.0,0.8326912038614444,0.3747110417376499,TP,0.98
hybrid,baseline,google/gemini-2.5-flash-preview-09-2025:reasoning,Adams_Maria_564451,Q3,NM_SYN_01,The Algebraic Syntax Machine,False,XOR Operator Misinterpretation as Exponentiation,NM_SYN_01,0.0,0.8623349678726938,0.3880507355427122,TP,1.0
hybrid,baseline,anthropic/claude-haiku-4.5:reasoning,Adams_Maria_564451,Q3,NM_SYN_01,The Algebraic Syntax Machine,False,Exponentiation Operator Confusion,NM_SYN_01,0.0,0.8388743931540639,0.3774934769193287,TP,0.95
hybrid,baseline,openai/gpt-5.1,Wright_Donna_588683,Q2,NM_IO_02,The Anthropomorphic I/O Machine,False,Input Value Lost Without Assignment,NM_IO_02,0.0,0.7467441202647935,0.33603485411915707,TP,0.93
hybrid,baseline,google/gemini-2.5-flash-preview-09-2025,Wright_Donna_588683,Q2,NM_IO_02,The Anthropomorphic I/O Machine,False,Input Variable Storage Neglect,NM_IO_02,0.0,0.7771950796581512,0.349737785846168,TP,1.0
hybrid,baseline,google/gemini-2.5-flash-preview-09-2025,Wright_Donna_588683,Q2,NM_IO_02,The Anthropomorphic I/O Machine,False,Misplaced Variable Initialization,NM_IO_02,0.0,0.5854431285789177,0.2634494078605129,TP,0.9
hybrid,baseline,anthropic/claude-haiku-4.5,Wright_Donna_588683,Q2,NM_IO_02,The Anthropomorphic I/O Machine,False,Variable Assignment Order Confusion,NM_IO_02,0.0,0.7546322983571243,0.3395845342607059,TP,0.99
hybrid,baseline,anthropic/claude-haiku-4.5,Wright_Donna_588683,Q2,NM_IO_02,The Anthropomorphic I/O Machine,False,Return Value Semantics Misunderstanding,NM_IO_02,0.0,0.7027845894096397,0.3162530652343378,TP,0.95
hybrid,baseline,openai/gpt-5.1:reasoning,Wright_Donna_588683,Q2,NM_IO_02,The Anthropomorphic I/O Machine,False,Ignoring user input and relying on hard-coded defaults,NM_IO_02,0.0,0.7021479781195741,0.3159665901538083,TP,0.9
hybrid,baseline,google/gemini-2.5-flash-preview-09-2025:reasoning,Wright_Donna_588683,Q2,NM_IO_02,The Anthropomorphic I/O Machine,False,Unstored Input Data,NM_IO_02,0.0,0.7586677824449826,0.34140050210024214,TP,1.0
hybrid,baseline,google/gemini-2.5-flash-preview-09-2025:reasoning,Wright_Donna_588683,Q2,NM_IO_02,The Anthropomorphic I/O Machine,False,Redundant/Unnecessary Default Variable Initialization,NM_IO_02,0.0,0.5503057602682154,0.24763759212069691,TP,1.0
hybrid,baseline,anthropic/claude-haiku-4.5:reasoning,Wright_Donna_588683,Q2,NM_IO_02,The Anthropomorphic I/O Machine,False,Return Value Discard / Implicit Variable Capture,NM_IO_02,0.0,0.7005412279464893,0.3152435525759202,TP,0.98
hybrid,baseline,openai/gpt-5.1,Adams_Maria_564451,Q2,NM_STATE_01,The Reactive State Machine,False,,,0.0,0.0,0.0,FN,
hybrid,baseline,google/gemini-2.5-flash-preview-09-2025,Adams_Maria_564451,Q2,NM_STATE_01,The Reactive State Machine,False,Unintended Floating Point Arithmetic (NaN Generation),NM_TYP_01,0.0,0.6818736097247666,0.30684312437614497,FP_WRONG,0.95
hybrid,baseline,google/gemini-2.5-flash-preview-09-2025,Adams_Maria_564451,Q2,NM_STATE_01,The Reactive State Machine,False,,,0.0,0.0,0.0,FN,
hybrid,baseline,anthropic/claude-haiku-4.5,Adams_Maria_564451,Q2,NM_STATE_01,The Reactive State Machine,False,Dead Code / Unused Variable Initialization,NM_STATE_01,0.0,0.5466646117322154,0.24599907527949688,TP,0.85
hybrid,baseline,openai/gpt-5.1:reasoning,Adams_Maria_564451,Q2,NM_STATE_01,The Reactive State Machine,False,,,0.0,0.0,0.0,FN,
hybrid,baseline,google/gemini-2.5-flash-preview-09-2025:reasoning,Adams_Maria_564451,Q2,NM_STATE_01,The Reactive State Machine,False,Unintended Variable Initialization and Use,NM_TYP_01,0.0,0.6826305025710367,0.3071837261569665,FP_WRONG,0.9
hybrid,baseline,google/gemini-2.5-flash-preview-09-2025:reasoning,Adams_Maria_564451,Q2,NM_STATE_01,The Reactive State Machine,False,,,0.0,0.0,0.0,FN,
hybrid,baseline,anthropic/claude-haiku-4.5:reasoning,Adams_Maria_564451,Q2,NM_STATE_01,The Reactive State Machine,False,,,0.0,0.0,0.0,FN,
hybrid,baseline,openai/gpt-5.1,Miller_Emily_916799,Q2,NM_STATE_01,The Reactive State Machine,False,Variables as Live Formulas (Spreadsheet Mental Model),NM_STATE_01,0.0,0.7673155914634824,0.34529201615856703,TP,0.68
hybrid,baseline,google/gemini-2.5-flash-preview-09-2025,Miller_Emily_916799,Q2,NM_STATE_01,The Reactive State Machine,False,Unnecessary Calculation and Unused State Management,NM_TYP_01,0.0,0.6580181529117103,0.2961081688102696,FP_WRONG,0.95
hybrid,baseline,google/gemini-2.5-flash-preview-09-2025,Miller_Emily_916799,Q2,NM_STATE_01,The Reactive State Machine,False,,,0.0,0.0,0.0,FN,
hybrid,baseline,anthropic/claude-haiku-4.5,Miller_Emily_916799,Q2,NM_STATE_01,The Reactive State Machine,False,Unused Code Retention and Irrelevant Problem Domain Knowledge,NM_TYP_01,0.0,0.6239254459193005,0.2807664506636852,FP_WRONG,0.85
hybrid,baseline,anthropic/claude-haiku-4.5,Miller_Emily_916799,Q2,NM_STATE_01,The Reactive State Machine,False,Premature Variable Initialization with Placeholder Values,NM_STATE_01,0.0,0.5846130934544177,0.26307589205448795,TP,0.75
hybrid,baseline,openai/gpt-5.1:reasoning,Miller_Emily_916799,Q2,NM_STATE_01,The Reactive State Machine,False,Automatic Formula Recalculation,NM_STATE_01,0.0,0.7171571628053641,0.3227207232624138,TP,0.65
hybrid,baseline,google/gemini-2.5-flash-preview-09-2025:reasoning,Miller_Emily_916799,Q2,NM_STATE_01,The Reactive State Machine,False,Unnecessary Code Execution Leading to NaN/Infinity,NM_TYP_01,0.0,0.6376999415675172,0.2869649737053827,FP_WRONG,0.95
hybrid,baseline,google/gemini-2.5-flash-preview-09-2025:reasoning,Miller_Emily_916799,Q2,NM_STATE_01,The Reactive State Machine,False,,,0.0,0.0,0.0,FN,
hybrid,baseline,anthropic/claude-haiku-4.5:reasoning,Miller_Emily_916799,Q2,NM_STATE_01,The Reactive State Machine,False,,,0.0,0.0,0.0,FN,
hybrid,baseline,google/gemini-2.5-flash-preview-09-2025:reasoning,Mitchell_Dakota_235991,Q4,,,True,Input Buffer Consumption Mismatch,NM_IO_01,0.5925925925925926,0.7242830993677422,0.6518533206414099,FP_CLEAN,0.8
hybrid,baseline,google/gemini-2.5-flash-preview-09-2025:reasoning,Mitchell_Dakota_235991,Q4,,,True,Unnecessary Type Conversion/Manual Floating Point Specification,NM_TYP_01,0.0,0.6765159065174361,0.3044321579328462,FP_CLEAN,0.6
hybrid,baseline,openai/gpt-5.1,Robinson_David_819949,Q1,NM_SYN_02,The Algebraic Syntax Machine,False,Misunderstanding Operator Precedence in Arithmetic Expressions,NM_SYN_02,0.0,0.82981379790772,0.373416209058474,TP,1.0
hybrid,baseline,google/gemini-2.5-flash-preview-09-2025,Robinson_David_819949,Q1,NM_SYN_02,The Algebraic Syntax Machine,False,Operator Precedence Error,NM_SYN_02,0.0,0.8450575510084654,0.3802758979538094,TP,1.0
hybrid,baseline,anthropic/claude-haiku-4.5,Robinson_David_819949,Q1,NM_SYN_02,The Algebraic Syntax Machine,False,Operator Precedence Misunderstanding,NM_SYN_02,0.5714285714285714,0.7995466468068783,0.6740817053488095,TP,0.95
hybrid,baseline,openai/gpt-5.1:reasoning,Robinson_David_819949,Q1,NM_SYN_02,The Algebraic Syntax Machine,False,Operator precedence / formula translation error,NM_SYN_02,0.0,0.8454668665218598,0.3804600899348369,TP,0.9
hybrid,baseline,google/gemini-2.5-flash-preview-09-2025:reasoning,Robinson_David_819949,Q1,NM_SYN_02,The Algebraic Syntax Machine,False,PEMDAS/Operator Precedence Failure,NM_SYN_02,0.0,0.8182270656932835,0.36820217956197754,TP,1.0
hybrid,baseline,anthropic/claude-haiku-4.5:reasoning,Robinson_David_819949,Q1,NM_SYN_02,The Algebraic Syntax Machine,False,Operator Precedence Misunderstanding in Formula Translation,NM_SYN_02,0.0,0.8416114608854711,0.37872515739846196,TP,0.98
hybrid,baseline,openai/gpt-5.1,Wright_Donna_588683,Q4,NM_TYP_01,The Fluid Type Machine,False,Belief that using double later fixes integer truncation,NM_TYP_01,0.0,0.7081605171508609,0.31867223271788736,TP,0.97
hybrid,baseline,google/gemini-2.5-flash-preview-09-2025,Wright_Donna_588683,Q4,NM_TYP_01,The Fluid Type Machine,False,Premature Type Coercion and Precision Loss,NM_TYP_02,0.0,0.6429521943619487,0.28932848746287687,FP_WRONG,1.0
hybrid,baseline,google/gemini-2.5-flash-preview-09-2025,Wright_Donna_588683,Q4,NM_TYP_01,The Fluid Type Machine,False,Persistence of Integer Division Artifacts,NM_TYP_01,0.5671641791044776,0.7410212096057804,0.6453998428300638,TP,1.0
hybrid,baseline,anthropic/claude-haiku-4.5,Wright_Donna_588683,Q4,NM_TYP_01,The Fluid Type Machine,False,Inappropriate Type Casting and Precision Loss,NM_TYP_02,0.0,0.6589682133885294,0.2965356960248382,FP_WRONG,0.95
hybrid,baseline,anthropic/claude-haiku-4.5,Wright_Donna_588683,Q4,NM_TYP_01,The Fluid Type Machine,False,Integer Division Truncation in Semi-perimeter Calculation,NM_TYP_01,0.0,0.6710376433206734,0.301966939494303,TP,0.92
hybrid,baseline,anthropic/claude-haiku-4.5,Wright_Donna_588683,Q4,NM_TYP_01,The Fluid Type Machine,False,Misunderstanding of Return Type Constraints,NM_TYP_01,0.0,0.604013231723641,0.2718059542756384,TP,0.9
hybrid,baseline,openai/gpt-5.1:reasoning,Wright_Donna_588683,Q4,NM_TYP_01,The Fluid Type Machine,False,Belief that integer arithmetic and casting wonâ€™t harm numeric precision,NM_TYP_01,0.0,0.6703204278727467,0.301644192542736,TP,0.97
hybrid,baseline,google/gemini-2.5-flash-preview-09-2025:reasoning,Wright_Donna_588683,Q4,NM_TYP_01,The Fluid Type Machine,False,Inappropriate Type Casting and Precision Loss in Calculations,NM_TYP_01,0.0,0.63845938704579,0.28730672417060543,TP,1.0
hybrid,baseline,anthropic/claude-haiku-4.5:reasoning,Wright_Donna_588683,Q4,NM_TYP_01,The Fluid Type Machine,False,Casting Floating-Point Results to Integer Precision Loss,NM_TYP_01,0.0,0.6350872485411715,0.28578926184352715,TP,0.95
hybrid,baseline,anthropic/claude-haiku-4.5:reasoning,Wright_Donna_588683,Q4,NM_TYP_01,The Fluid Type Machine,False,Integer Division Precision Loss with Later Type Promotion,NM_TYP_01,0.0,0.698595455235765,0.31436795485609426,TP,0.92
hybrid,baseline,google/gemini-2.5-flash-preview-09-2025:reasoning,Adams_Maria_564451,Q4,,,True,Input Handling for Multiple Values on Single Line,NM_IO_01,0.0,0.7087608286548535,0.318942372894684,FP_CLEAN,0.8
hybrid,baseline,google/gemini-2.5-flash-preview-09-2025:reasoning,Simon_Jeffrey_923974,Q4,,,True,Input Buffer Reading Misinterpretation,NM_IO_01,0.0,0.6829865104049506,0.30734392968222773,FP_CLEAN,0.8
hybrid,baseline,google/gemini-2.5-flash-preview-09-2025:reasoning,Miller_Emily_916799,Q4,,,True,Input Handling Misalignment with Prompt,NM_IO_01,0.0,0.7303975544407643,0.3286788994983439,FP_CLEAN,0.9
hybrid,baseline,google/gemini-2.5-flash-preview-09-2025:reasoning,Montgomery_Roberta_641525,Q4,,,True,Input Processing for Multiple Values,NM_IO_01,0.0,0.703699496406792,0.3166647733830564,FP_CLEAN,0.95
hybrid,baseline,openai/gpt-5.1,Robinson_David_819949,Q2,NM_STATE_01,The Reactive State Machine,False,Automatic Recalculation of Variables,NM_STATE_01,0.0,0.6741143338959387,0.3033514502531724,TP,0.96
hybrid,baseline,google/gemini-2.5-flash-preview-09-2025,Robinson_David_819949,Q2,NM_STATE_01,The Reactive State Machine,False,Premature Calculation / Stale Variable Usage,NM_STATE_01,0.0,0.7007183692897033,0.3153232661803665,TP,1.0
hybrid,baseline,anthropic/claude-haiku-4.5,Robinson_David_819949,Q2,NM_STATE_01,The Reactive State Machine,False,Premature Variable Usage Before Assignment,NM_STATE_01,0.0,0.6385068254223487,0.2873280714400569,TP,0.95
hybrid,baseline,openai/gpt-5.1:reasoning,Robinson_David_819949,Q2,NM_STATE_01,The Reactive State Machine,False,Spreadsheet-style automatic formula recomputation,NM_STATE_01,0.0,0.7087924653719542,0.31895660941737936,TP,0.94
hybrid,baseline,google/gemini-2.5-flash-preview-09-2025:reasoning,Robinson_David_819949,Q2,NM_STATE_01,The Reactive State Machine,False,Static Evaluation of Expressions,NM_STATE_01,0.0,0.6657107726399355,0.29956984768797096,TP,1.0
hybrid,baseline,anthropic/claude-haiku-4.5:reasoning,Robinson_David_819949,Q2,NM_STATE_01,The Reactive State Machine,False,Sequential Execution and Variable State Timeline,NM_STATE_01,0.0,0.6381102125602786,0.28714959565212533,TP,0.99
hybrid,baseline,openai/gpt-5.1,Robinson_David_819949,Q4,NM_TYP_01,The Fluid Type Machine,False,Using integer arithmetic for inherently real-valued geometry,NM_TYP_01,0.0,0.6491424841607011,0.29211411787231545,TP,0.96
hybrid,baseline,google/gemini-2.5-flash-preview-09-2025,Robinson_David_819949,Q4,NM_TYP_01,The Fluid Type Machine,False,Premature Type Coercion and Precision Loss,NM_TYP_01,0.0,0.6231625318317143,0.28042313932427143,TP,1.0
hybrid,baseline,google/gemini-2.5-flash-preview-09-2025,Robinson_David_819949,Q4,NM_TYP_01,The Fluid Type Machine,False,Integer Division Misapplication in Formula,NM_TYP_01,0.6176470588235294,0.6686158121074587,0.6405829978012976,TP,1.0
hybrid,baseline,anthropic/claude-haiku-4.5,Robinson_David_819949,Q4,NM_TYP_01,The Fluid Type Machine,False,Premature Integer Casting of Floating-Point Results,NM_TYP_01,0.0,0.6574863916872069,0.2958688762592431,TP,0.95
hybrid,baseline,anthropic/claude-haiku-4.5,Robinson_David_819949,Q4,NM_TYP_01,The Fluid Type Machine,False,Integer Division in Semi-Perimeter Calculation,NM_TYP_01,0.5555555555555556,0.0,0.3055555555555556,TP,0.85
hybrid,baseline,openai/gpt-5.1:reasoning,Robinson_David_819949,Q4,NM_TYP_01,The Fluid Type Machine,False,Discarding fractional distances via int cast,NM_TYP_01,0.0,0.615354006803775,0.27690930306169875,TP,0.94
hybrid,baseline,openai/gpt-5.1:reasoning,Robinson_David_819949,Q4,NM_TYP_01,The Fluid Type Machine,False,Assuming integer division behaves like real division,NM_TYP_01,0.0,0.6830817872227654,0.3073868042502444,TP,0.9
hybrid,baseline,google/gemini-2.5-flash-preview-09-2025:reasoning,Robinson_David_819949,Q4,NM_TYP_01,The Fluid Type Machine,False,Inaccurate Floating Point to Integer Assignment/Truncation,NM_TYP_01,0.0,0.6694299682472901,0.3012434857112805,TP,1.0
hybrid,baseline,google/gemini-2.5-flash-preview-09-2025:reasoning,Robinson_David_819949,Q4,NM_TYP_01,The Fluid Type Machine,False,Integer Division in Formulaic Calculation,NM_TYP_01,0.5970149253731343,0.6658612663678327,0.6279957788207486,TP,0.9
hybrid,baseline,anthropic/claude-haiku-4.5:reasoning,Robinson_David_819949,Q4,NM_TYP_01,The Fluid Type Machine,False,Premature Type Casting Loses Precision,NM_TYP_02,0.0,0.6043384634227434,0.2719523085402345,FP_WRONG,0.95
hybrid,baseline,anthropic/claude-haiku-4.5:reasoning,Robinson_David_819949,Q4,NM_TYP_01,The Fluid Type Machine,False,Integer Division Instead of Floating-Point Division,NM_TYP_01,0.0,0.6063159208953964,0.27284216440292836,TP,0.92
hybrid,baseline,openai/gpt-5.1,Robles_Raymond_801158,Q4,NM_SYN_02,The Algebraic Syntax Machine,False,Misunderstanding of distance formula and operator precedence,NM_SYN_02,0.0,0.7002471780861959,0.3151112301387881,TP,0.96
hybrid,baseline,google/gemini-2.5-flash-preview-09-2025,Robles_Raymond_801158,Q4,NM_SYN_02,The Algebraic Syntax Machine,False,Operator Precedence Failure in Squaring,NM_SYN_02,0.0,0.7371509627445474,0.3317179332350463,TP,1.0
hybrid,baseline,anthropic/claude-haiku-4.5,Robles_Raymond_801158,Q4,NM_SYN_02,The Algebraic Syntax Machine,False,Operator Precedence Misunderstanding,NM_SYN_02,0.5714285714285714,0.7644668958730976,0.6582958174286082,TP,0.95
hybrid,baseline,anthropic/claude-haiku-4.5,Robles_Raymond_801158,Q4,NM_SYN_02,The Algebraic Syntax Machine,False,Distance Formula Implementation Error,NM_SYN_01,0.0,0.602861586158712,0.27128771377142036,FP_WRONG,0.98
hybrid,baseline,openai/gpt-5.1:reasoning,Robles_Raymond_801158,Q4,NM_SYN_02,The Algebraic Syntax Machine,False,Mis-encoding distance formula using operators and precedence,NM_SYN_02,0.0,0.7219406371897285,0.3248732867353778,TP,0.96
hybrid,baseline,google/gemini-2.5-flash-preview-09-2025:reasoning,Robles_Raymond_801158,Q4,NM_SYN_02,The Algebraic Syntax Machine,False,Operator Precedence Confusion in Distance Formula,NM_SYN_02,0.0,0.7202347104283354,0.3241056196927509,TP,1.0
hybrid,baseline,anthropic/claude-haiku-4.5:reasoning,Robles_Raymond_801158,Q4,NM_SYN_02,The Algebraic Syntax Machine,False,Incorrect Distance Formula with Operator Precedence Misunderstanding,NM_SYN_02,0.0,0.7349047700736747,0.3307071465331536,TP,0.95
hybrid,cot,openai/gpt-5.1,Simon_Jeffrey_923974,Q3,NM_IO_01,The Anthropomorphic I/O Machine,False,Input Prompt vs Variable Binding Confusion,NM_IO_01,0.0,0.7784160395621913,0.35028721780298605,TP,0.74
hybrid,cot,google/gemini-2.5-flash-preview-09-2025,Simon_Jeffrey_923974,Q3,NM_IO_01,The Anthropomorphic I/O Machine,False,Sequential Input Assignment Confusion,NM_IO_01,0.0,0.749623955591099,0.3373307800159945,TP,1.0
hybrid,cot,anthropic/claude-haiku-4.5,Simon_Jeffrey_923974,Q3,NM_IO_01,The Anthropomorphic I/O Machine,False,Input-Variable Assignment Mismatch,NM_IO_01,0.0,0.7783840197811871,0.35027280890153417,TP,0.95
hybrid,cot,openai/gpt-5.1:reasoning,Simon_Jeffrey_923974,Q3,NM_IO_01,The Anthropomorphic I/O Machine,False,Input Order vs Variable Association,NM_IO_01,0.0,0.7692758240980748,0.3461741208441336,TP,0.9
hybrid,cot,google/gemini-2.5-flash-preview-09-2025:reasoning,Simon_Jeffrey_923974,Q3,NM_IO_01,The Anthropomorphic I/O Machine,False,Variable Assignment Order based on Prompt Text,NM_IO_01,0.0,0.7533351775748985,0.3390008299087043,TP,1.0
hybrid,cot,anthropic/claude-haiku-4.5:reasoning,Simon_Jeffrey_923974,Q3,NM_IO_01,The Anthropomorphic I/O Machine,False,Input Order Confusion,NM_IO_01,0.0,0.7905581788928306,0.35575118050177373,TP,0.92
hybrid,cot,openai/gpt-5.1,Adams_Maria_564451,Q3,NM_SYN_01,The Algebraic Syntax Machine,False,Using ^ as an exponentiation operator,NM_SYN_01,0.0,0.8321182219892717,0.37445319989517223,TP,1.0
hybrid,cot,google/gemini-2.5-flash-preview-09-2025,Adams_Maria_564451,Q3,NM_SYN_01,The Algebraic Syntax Machine,False,Bitwise Operator Misinterpretation for Exponentiation,NM_SYN_01,0.0,0.8482913730041017,0.38173111785184577,TP,1.0
hybrid,cot,anthropic/claude-haiku-4.5,Adams_Maria_564451,Q3,NM_SYN_01,The Algebraic Syntax Machine,False,Exponentiation Operator Confusion,NM_SYN_01,0.0,0.7914960541495976,0.35617322436731885,TP,0.99
hybrid,cot,openai/gpt-5.1:reasoning,Adams_Maria_564451,Q3,NM_SYN_01,The Algebraic Syntax Machine,False,Using ^ as an exponentiation operator,NM_SYN_01,0.0,0.8196614164718635,0.36884763741233856,TP,0.99
hybrid,cot,google/gemini-2.5-flash-preview-09-2025:reasoning,Adams_Maria_564451,Q3,NM_SYN_01,The Algebraic Syntax Machine,False,Bitwise XOR for Exponentiation,NM_SYN_01,0.0,0.8720559827341616,0.3924251922303727,TP,1.0
hybrid,cot,anthropic/claude-haiku-4.5:reasoning,Adams_Maria_564451,Q3,NM_SYN_01,The Algebraic Syntax Machine,False,Misidentification of the Exponentiation Operator,NM_SYN_01,0.0,0.867373795492636,0.3903182079716862,TP,0.99
hybrid,cot,openai/gpt-5.1,Wright_Donna_588683,Q2,NM_IO_02,The Anthropomorphic I/O Machine,False,Ignoring input return values,NM_IO_02,0.0,0.7474945565689809,0.33637255045604136,TP,0.78
hybrid,cot,google/gemini-2.5-flash-preview-09-2025,Wright_Donna_588683,Q2,NM_IO_02,The Anthropomorphic I/O Machine,False,Discarded Function Return Value (Missing Assignment),NM_IO_02,0.0,0.7205682043562339,0.32425569196030524,TP,1.0
hybrid,cot,google/gemini-2.5-flash-preview-09-2025,Wright_Donna_588683,Q2,NM_IO_02,The Anthropomorphic I/O Machine,False,Calculation Using Hardcoded Defaults Instead of Input,NM_IO_01,0.0,0.5415883256127775,0.24371474652574984,FP_WRONG,1.0
hybrid,cot,anthropic/claude-haiku-4.5,Wright_Donna_588683,Q2,NM_IO_02,The Anthropomorphic I/O Machine,False,Input Values Not Stored in Variables,NM_IO_02,0.0,0.7573788292251918,0.3408204731513363,TP,0.95
hybrid,cot,anthropic/claude-haiku-4.5,Wright_Donna_588683,Q2,NM_IO_02,The Anthropomorphic I/O Machine,False,Hardcoded Values Override User Input,NM_IO_02,0.0,0.6123996568044024,0.27557984556198106,TP,0.95
hybrid,cot,openai/gpt-5.1:reasoning,Wright_Donna_588683,Q2,NM_IO_02,The Anthropomorphic I/O Machine,False,Ignoring Returned Input Values,NM_IO_02,0.0,0.7450480771507637,0.33527163471784366,TP,0.95
hybrid,cot,openai/gpt-5.1:reasoning,Wright_Donna_588683,Q2,NM_IO_02,The Anthropomorphic I/O Machine,False,Overwriting User Input with Hard-Coded Defaults,NM_IO_02,0.0,0.6362620365671285,0.2863179164552078,TP,0.8
hybrid,cot,google/gemini-2.5-flash-preview-09-2025:reasoning,Wright_Donna_588683,Q2,NM_IO_02,The Anthropomorphic I/O Machine,False,Input Value Assignment Bypass,NM_IO_02,0.0,0.7626221554002163,0.3431799699300973,TP,1.0
hybrid,cot,google/gemini-2.5-flash-preview-09-2025:reasoning,Wright_Donna_588683,Q2,NM_IO_02,The Anthropomorphic I/O Machine,False,Variable Initialization Overriding Input,NM_IO_02,0.0,0.6375210932073095,0.28688449194328924,TP,0.95
hybrid,cot,anthropic/claude-haiku-4.5:reasoning,Wright_Donna_588683,Q2,NM_IO_02,The Anthropomorphic I/O Machine,False,Discarded Input Values / Missing Variable Assignment,NM_IO_02,0.0,0.7695760775459859,0.3463092348956936,TP,0.95
hybrid,cot,openai/gpt-5.1,Adams_Maria_564451,Q2,NM_STATE_01,The Reactive State Machine,False,,,0.0,0.0,0.0,FN,
hybrid,cot,google/gemini-2.5-flash-preview-09-2025,Adams_Maria_564451,Q2,NM_STATE_01,The Reactive State Machine,False,Tolerating Unintended Floating Point State (NaN Generation),NM_TYP_01,0.0,0.6501506799712686,0.29256780598707083,FP_WRONG,0.95
hybrid,cot,google/gemini-2.5-flash-preview-09-2025,Adams_Maria_564451,Q2,NM_STATE_01,The Reactive State Machine,False,,,0.0,0.0,0.0,FN,
hybrid,cot,anthropic/claude-haiku-4.5,Adams_Maria_564451,Q2,NM_STATE_01,The Reactive State Machine,False,Problem Domain Confusion with Dead Code,NM_STATE_01,0.0,0.5258481032281097,0.23663164645264934,TP,0.85
hybrid,cot,openai/gpt-5.1:reasoning,Adams_Maria_564451,Q2,NM_STATE_01,The Reactive State Machine,False,,,0.0,0.0,0.0,FN,
hybrid,cot,google/gemini-2.5-flash-preview-09-2025:reasoning,Adams_Maria_564451,Q2,NM_STATE_01,The Reactive State Machine,False,Inclusion of Unnecessary/Placeholder Physics Variables,NM_TYP_01,0.0,0.6080548606965364,0.27362468731344136,FP_WRONG,0.95
hybrid,cot,google/gemini-2.5-flash-preview-09-2025:reasoning,Adams_Maria_564451,Q2,NM_STATE_01,The Reactive State Machine,False,,,0.0,0.0,0.0,FN,
hybrid,cot,anthropic/claude-haiku-4.5:reasoning,Adams_Maria_564451,Q2,NM_STATE_01,The Reactive State Machine,False,Dead Code and Unused Division by Zero,NM_TYP_01,0.0,0.5848627127809327,0.2631882207514197,FP_WRONG,0.4
hybrid,cot,anthropic/claude-haiku-4.5:reasoning,Adams_Maria_564451,Q2,NM_STATE_01,The Reactive State Machine,False,,,0.0,0.0,0.0,FN,
hybrid,cot,openai/gpt-5.1,Miller_Emily_916799,Q2,NM_STATE_01,The Reactive State Machine,False,Treating assignment as a reusable formula definition,NM_STATE_01,0.0,0.7193929025769606,0.3237268061596323,TP,0.78
hybrid,cot,google/gemini-2.5-flash-preview-09-2025,Miller_Emily_916799,Q2,NM_STATE_01,The Reactive State Machine,False,Dead Code/Uninitialized Calculation,NM_TYP_01,0.0,0.6476595072193196,0.2914467782486938,FP_WRONG,0.95
hybrid,cot,google/gemini-2.5-flash-preview-09-2025,Miller_Emily_916799,Q2,NM_STATE_01,The Reactive State Machine,False,,,0.0,0.0,0.0,FN,
hybrid,cot,anthropic/claude-haiku-4.5,Miller_Emily_916799,Q2,NM_STATE_01,The Reactive State Machine,False,Dead Code from Problem Confusion,NM_STATE_01,0.0,0.5691309871595179,0.25610894422178304,TP,0.85
hybrid,cot,openai/gpt-5.1:reasoning,Miller_Emily_916799,Q2,NM_STATE_01,The Reactive State Machine,False,Automatic formula updating between variables,NM_STATE_01,0.0,0.7252767985898011,0.3263745593654105,TP,0.69
hybrid,cot,google/gemini-2.5-flash-preview-09-2025:reasoning,Miller_Emily_916799,Q2,NM_STATE_01,The Reactive State Machine,False,Unintended Variable Initialization and Use,NM_TYP_01,0.0,0.6337225588713097,0.28517515149208933,FP_WRONG,0.95
hybrid,cot,google/gemini-2.5-flash-preview-09-2025:reasoning,Miller_Emily_916799,Q2,NM_STATE_01,The Reactive State Machine,False,,,0.0,0.0,0.0,FN,
hybrid,cot,anthropic/claude-haiku-4.5:reasoning,Miller_Emily_916799,Q2,NM_STATE_01,The Reactive State Machine,False,,,0.0,0.0,0.0,FN,
hybrid,cot,google/gemini-2.5-flash-preview-09-2025:reasoning,Mitchell_Dakota_235991,Q4,,,True,Scanner Reading Order and Delimiter Misinterpretation,NM_IO_02,0.0,0.7046969784725775,0.3171136403126599,FP_CLEAN,0.95
hybrid,cot,openai/gpt-5.1,Robinson_David_819949,Q1,NM_SYN_02,The Algebraic Syntax Machine,False,Operator Precedence Misunderstanding in Arithmetic Expressions,NM_SYN_02,0.0,0.8007495647453308,0.36033730413539883,TP,0.99
hybrid,cot,google/gemini-2.5-flash-preview-09-2025,Robinson_David_819949,Q1,NM_SYN_02,The Algebraic Syntax Machine,False,Arithmetic Operator Precedence,NM_SYN_02,0.0,0.8097993808023852,0.3644097213610733,TP,1.0
hybrid,cot,anthropic/claude-haiku-4.5,Robinson_David_819949,Q1,NM_SYN_02,The Algebraic Syntax Machine,False,Operator Precedence Misunderstanding,NM_SYN_02,0.5714285714285714,0.8413342864042215,0.6928861431676139,TP,0.99
hybrid,cot,openai/gpt-5.1:reasoning,Robinson_David_819949,Q1,NM_SYN_02,The Algebraic Syntax Machine,False,Operator Precedence Misunderstanding in Arithmetic Expressions,NM_SYN_02,0.0,0.8007495647453308,0.36033730413539883,TP,0.98
hybrid,cot,google/gemini-2.5-flash-preview-09-2025:reasoning,Robinson_David_819949,Q1,NM_SYN_02,The Algebraic Syntax Machine,False,Mathematical Operator Precedence Ignorance,NM_SYN_02,0.0,0.8529908350484368,0.3838458757717965,TP,1.0
hybrid,cot,anthropic/claude-haiku-4.5:reasoning,Robinson_David_819949,Q1,NM_SYN_02,The Algebraic Syntax Machine,False,Operator Precedence Misunderstanding,NM_SYN_02,0.5714285714285714,0.8638439903637524,0.7030155099494029,TP,0.99
hybrid,cot,openai/gpt-5.1,Wright_Donna_588683,Q4,NM_TYP_01,The Fluid Type Machine,False,Belief that integer truncation in distance is harmless,NM_TYP_01,0.0,0.6712946438682029,0.3020825897406913,TP,0.96
hybrid,cot,openai/gpt-5.1,Wright_Donna_588683,Q4,NM_TYP_01,The Fluid Type Machine,False,Misunderstanding of integer division and irrecoverable precision loss,NM_TYP_01,0.0,0.7694657002202545,0.3462595650991145,TP,0.97
hybrid,cot,google/gemini-2.5-flash-preview-09-2025,Wright_Donna_588683,Q4,NM_TYP_01,The Fluid Type Machine,False,Premature Casting and Precision Loss in Helper Function,NM_TYP_02,0.0,0.6209888985640206,0.27944500435380926,FP_WRONG,1.0
hybrid,cot,google/gemini-2.5-flash-preview-09-2025,Wright_Donna_588683,Q4,NM_TYP_01,The Fluid Type Machine,False,Wishful Thinking about Delayed Data Type Promotion (Integer Division),NM_TYP_01,0.0,0.7171868970184241,0.3227341036582908,TP,1.0
hybrid,cot,anthropic/claude-haiku-4.5,Wright_Donna_588683,Q4,NM_TYP_01,The Fluid Type Machine,False,Data Loss Through Premature Integer Casting,NM_TYP_01,0.0,0.7028504031846178,0.316282681433078,TP,0.95
hybrid,cot,anthropic/claude-haiku-4.5,Wright_Donna_588683,Q4,NM_TYP_01,The Fluid Type Machine,False,Integer Division Finality,NM_TYP_01,0.7450980392156863,0.7579922312284935,0.7509004256214495,TP,0.92
hybrid,cot,anthropic/claude-haiku-4.5,Wright_Donna_588683,Q4,NM_TYP_01,The Fluid Type Machine,False,Misunderstanding of Type Promotion in Expressions,NM_TYP_01,0.0,0.6282007117932276,0.28269032030695235,TP,0.88
hybrid,cot,openai/gpt-5.1:reasoning,Wright_Donna_588683,Q4,NM_TYP_01,The Fluid Type Machine,False,Belief that lost decimal precision can be recovered later by using double,NM_TYP_01,0.0,0.7073396413106063,0.3183028385897728,TP,0.96
hybrid,cot,openai/gpt-5.1:reasoning,Wright_Donna_588683,Q4,NM_TYP_01,The Fluid Type Machine,False,Assuming casting distance to int is harmless for geometric calculations,NM_TYP_01,0.0,0.633835709008891,0.2852260690540009,TP,0.94
hybrid,cot,google/gemini-2.5-flash-preview-09-2025:reasoning,Wright_Donna_588683,Q4,NM_TYP_01,The Fluid Type Machine,False,Inexact Floating Point to Integer Loss,NM_TYP_02,0.0,0.6562776088422406,0.2953249239790082,FP_WRONG,1.0
hybrid,cot,google/gemini-2.5-flash-preview-09-2025:reasoning,Wright_Donna_588683,Q4,NM_TYP_01,The Fluid Type Machine,False,Integer Arithmetic Dominance,NM_TYP_01,0.5555555555555556,0.7024520797697092,0.6216589914519247,TP,0.9
hybrid,cot,anthropic/claude-haiku-4.5:reasoning,Wright_Donna_588683,Q4,NM_TYP_01,The Fluid Type Machine,False,Loss of Precision in Type Casting,NM_TYP_01,0.0,0.6620856700526156,0.297938551523677,TP,0.95
hybrid,cot,anthropic/claude-haiku-4.5:reasoning,Wright_Donna_588683,Q4,NM_TYP_01,The Fluid Type Machine,False,Integer Division Irreversibility Misconception,NM_TYP_01,0.5833333333333334,0.7252172238460068,0.6471810840640364,TP,0.98
hybrid,cot,anthropic/claude-haiku-4.5:reasoning,Wright_Donna_588683,Q4,NM_TYP_01,The Fluid Type Machine,False,Inappropriate Integer Type for Continuous Measurements,NM_TYP_01,0.0,0.6092853754337553,0.27417841894518985,TP,0.92
hybrid,cot,google/gemini-2.5-flash-preview-09-2025:reasoning,Simon_Jeffrey_923974,Q4,,,True,Input Handling Based on Prompt Structure,NM_IO_01,0.0,0.7008126906609099,0.31536571079740944,FP_CLEAN,0.1
hybrid,cot,google/gemini-2.5-flash-preview-09-2025:reasoning,Miller_Emily_916799,Q4,,,True,Input Handling with Scanner Ambiguity,NM_IO_01,0.0,0.6672377426318895,0.30025698418435026,FP_CLEAN,0.85
hybrid,cot,google/gemini-2.5-flash-preview-09-2025:reasoning,Montgomery_Roberta_641525,Q4,,,True,Input Buffer Read Misunderstanding,NM_IO_01,0.0,0.7495370733524971,0.33729168300862367,FP_CLEAN,0.8
hybrid,cot,google/gemini-2.5-flash-preview-09-2025,Barnett_Brian_387332,Q4,,,True,Input Prompting Mismatch for Multiple Scans,NM_IO_01,0.0,0.7588237708402774,0.3414706968781248,FP_CLEAN,0.9
hybrid,cot,openai/gpt-5.1,Robinson_David_819949,Q2,NM_STATE_01,The Reactive State Machine,False,Assuming variables auto-update from their defining expression,NM_STATE_01,0.0,0.6669785891143712,0.300140365101467,TP,0.95
hybrid,cot,google/gemini-2.5-flash-preview-09-2025,Robinson_David_819949,Q2,NM_STATE_01,The Reactive State Machine,False,Passive Variable Recalculation,NM_STATE_01,0.6363636363636364,0.6908667921640887,0.6608900564738399,TP,1.0
hybrid,cot,anthropic/claude-haiku-4.5,Robinson_David_819949,Q2,NM_STATE_01,The Reactive State Machine,False,Premature Calculation / Variable Declaration Timing,NM_STATE_01,0.0,0.6328452590391777,0.2847803665676299,TP,0.98
hybrid,cot,openai/gpt-5.1:reasoning,Robinson_David_819949,Q2,NM_STATE_01,The Reactive State Machine,False,Automatic Recalculation of Dependent Variables,NM_STATE_01,0.0,0.6991659095018716,0.3146246592758422,TP,0.98
hybrid,cot,google/gemini-2.5-flash-preview-09-2025:reasoning,Robinson_David_819949,Q2,NM_STATE_01,The Reactive State Machine,False,Non-Reevaluation of Assigned Variables (One-time Assignment),NM_STATE_01,0.0,0.6433187233754336,0.2894934255189451,TP,1.0
hybrid,cot,anthropic/claude-haiku-4.5:reasoning,Robinson_David_819949,Q2,NM_STATE_01,The Reactive State Machine,False,Premature Calculation Before Input,NM_STATE_01,0.0,0.7189802535908913,0.3235411141159011,TP,0.99
hybrid,cot,google/gemini-2.5-flash-preview-09-2025,Garcia_Whitney_468483,Q4,,,True,Ambiguous Scanner Input Tokenization,NM_IO_02,0.0,0.6648178926523289,0.299168051693548,FP_CLEAN,0.9
hybrid,cot,google/gemini-2.5-flash-preview-09-2025:reasoning,Garcia_Whitney_468483,Q4,,,True,Input Handling Misinterpretation,NM_IO_01,0.0,0.7267018474472154,0.3270158313512469,FP_CLEAN,0.1
hybrid,cot,openai/gpt-5.1,Robinson_David_819949,Q4,NM_TYP_01,The Fluid Type Machine,False,Using int (and casting) for inherently real-valued geometry,NM_TYP_01,0.0,0.6536163231350478,0.29412734541077146,TP,0.86
hybrid,cot,openai/gpt-5.1,Robinson_David_819949,Q4,NM_TYP_01,The Fluid Type Machine,False,Misunderstanding integer division in expressions,NM_TYP_01,0.5945945945945946,0.7310081635393955,0.655980700619755,TP,0.94
hybrid,cot,google/gemini-2.5-flash-preview-09-2025,Robinson_David_819949,Q4,NM_TYP_01,The Fluid Type Machine,False,Floating Point Precision Loss via Premature Casting,NM_TYP_02,0.0,0.638003919322434,0.28710176369509527,FP_WRONG,1.0
hybrid,cot,google/gemini-2.5-flash-preview-09-2025,Robinson_David_819949,Q4,NM_TYP_01,The Fluid Type Machine,False,Integer Division Truncation in Formula Calculations,NM_TYP_01,0.0,0.7045900260438712,0.317065511719742,TP,1.0
hybrid,cot,anthropic/claude-haiku-4.5,Robinson_David_819949,Q4,NM_TYP_01,The Fluid Type Machine,False,Premature Integer Casting Loses Precision,NM_TYP_02,0.0,0.5654920269396669,0.25447141212285007,FP_WRONG,0.95
hybrid,cot,anthropic/claude-haiku-4.5,Robinson_David_819949,Q4,NM_TYP_01,The Fluid Type Machine,False,Integer Division Truncates Fractional Values,NM_TYP_01,0.6,0.0,0.33,TP,0.98
hybrid,cot,openai/gpt-5.1:reasoning,Robinson_David_819949,Q4,NM_TYP_01,The Fluid Type Machine,False,Assuming casting from double to int is harmless for geometric calculations,NM_TYP_01,0.0,0.6223355448639784,0.28005099518879023,TP,0.94
hybrid,cot,openai/gpt-5.1:reasoning,Robinson_David_819949,Q4,NM_TYP_01,The Fluid Type Machine,False,Believing integer division yields real-number results when used in real formulas,NM_TYP_01,0.0,0.7263736064271608,0.32686812289222233,TP,0.9
hybrid,cot,google/gemini-2.5-flash-preview-09-2025:reasoning,Robinson_David_819949,Q4,NM_TYP_01,The Fluid Type Machine,False,Implicit Floating-Point Truncation/Loss of Precision in Intermediate Calculations,NM_TYP_01,0.0,0.6661512188923719,0.29976804850156735,TP,1.0
hybrid,cot,google/gemini-2.5-flash-preview-09-2025:reasoning,Robinson_David_819949,Q4,NM_TYP_01,The Fluid Type Machine,False,Integer Division in Floating Point Context,NM_TYP_01,0.6176470588235294,0.717088941957693,0.6623959062339031,TP,0.9
hybrid,cot,anthropic/claude-haiku-4.5:reasoning,Robinson_David_819949,Q4,NM_TYP_01,The Fluid Type Machine,False,Distance Precision Loss via Integer Casting,NM_TYP_01,0.0,0.6187924297800302,0.2784565934010136,TP,0.95
hybrid,cot,anthropic/claude-haiku-4.5:reasoning,Robinson_David_819949,Q4,NM_TYP_01,The Fluid Type Machine,False,Integer Arithmetic in Floating-Point Context,NM_TYP_01,0.0,0.7339838564891499,0.3302927354201174,TP,0.92
hybrid,cot,openai/gpt-5.1,Robles_Raymond_801158,Q4,NM_SYN_02,The Algebraic Syntax Machine,False,Misunderstanding of expression grouping for distance formula,NM_SYN_02,0.0,0.7088647342967364,0.31898913043353133,TP,0.93
hybrid,cot,google/gemini-2.5-flash-preview-09-2025,Robles_Raymond_801158,Q4,NM_SYN_02,The Algebraic Syntax Machine,False,Operator Precedence Misunderstanding for Squaring,NM_SYN_01,0.0,0.717116947453407,0.32270262635403313,FP_WRONG,1.0
hybrid,cot,google/gemini-2.5-flash-preview-09-2025,Robles_Raymond_801158,Q4,NM_SYN_02,The Algebraic Syntax Machine,False,,,0.0,0.0,0.0,FN,
hybrid,cot,anthropic/claude-haiku-4.5,Robles_Raymond_801158,Q4,NM_SYN_02,The Algebraic Syntax Machine,False,Operator Precedence and Parenthesization Error,NM_SYN_02,0.0,0.7783017479493234,0.3502357865771955,TP,0.95
hybrid,cot,openai/gpt-5.1:reasoning,Robles_Raymond_801158,Q4,NM_SYN_02,The Algebraic Syntax Machine,False,Operator Precedence and Distance Formula Misimplementation,NM_SYN_02,0.0,0.748439310079026,0.33679768953556166,TP,0.82
hybrid,cot,google/gemini-2.5-flash-preview-09-2025:reasoning,Robles_Raymond_801158,Q4,NM_SYN_02,The Algebraic Syntax Machine,False,Multiplicative Operator Precedence vs. Addition/Subtraction,NM_SYN_02,0.0,0.7645119230626656,0.3440303653781995,TP,1.0
hybrid,cot,anthropic/claude-haiku-4.5:reasoning,Robles_Raymond_801158,Q4,NM_SYN_02,The Algebraic Syntax Machine,False,Operator Precedence Misunderstanding in Distance Calculation,NM_SYN_02,0.0,0.7591134300181672,0.3416010435081752,TP,0.95
hybrid,socratic,openai/gpt-5.1,Simon_Jeffrey_923974,Q3,NM_IO_01,The Anthropomorphic I/O Machine,False,Prompt-Driven or Name-Driven Input Binding,NM_IO_01,0.0,0.7810718611307134,0.35148233750882096,TP,0.65
hybrid,socratic,google/gemini-2.5-flash-preview-09-2025,Simon_Jeffrey_923974,Q3,NM_IO_01,The Anthropomorphic I/O Machine,False,Sequential Input Order Misalignment,NM_IO_01,0.0,0.7601363630071256,0.34206136335320647,TP,1.0
hybrid,socratic,anthropic/claude-haiku-4.5,Simon_Jeffrey_923974,Q3,NM_IO_01,The Anthropomorphic I/O Machine,False,Prompt-Input Correspondence Assumption,NM_IO_01,0.0,0.835364307089837,0.3759139381904266,TP,0.95
hybrid,socratic,anthropic/claude-haiku-4.5,Simon_Jeffrey_923974,Q3,NM_IO_01,The Anthropomorphic I/O Machine,False,Misunderstanding of Input Sequencing,NM_IO_01,0.0,0.7888989141965012,0.3550045113884255,TP,0.92
hybrid,socratic,openai/gpt-5.1:reasoning,Simon_Jeffrey_923974,Q3,NM_IO_01,The Anthropomorphic I/O Machine,False,Belief that prompts or variable names control which input goes where,NM_IO_01,0.0,0.797119171689686,0.3587036272603587,TP,0.63
hybrid,socratic,google/gemini-2.5-flash-preview-09-2025:reasoning,Simon_Jeffrey_923974,Q3,NM_IO_01,The Anthropomorphic I/O Machine,False,Disconnection between Prompt Text and Input Order,NM_IO_01,0.0,0.7536589844213897,0.3391465429896253,TP,1.0
hybrid,socratic,anthropic/claude-haiku-4.5:reasoning,Simon_Jeffrey_923974,Q3,NM_IO_01,The Anthropomorphic I/O Machine,False,Input Order and Variable Name Semantics Confusion,NM_IO_01,0.0,0.7733762090431353,0.34801929406941084,TP,0.92
hybrid,socratic,anthropic/claude-haiku-4.5:reasoning,Simon_Jeffrey_923974,Q3,NM_IO_01,The Anthropomorphic I/O Machine,False,Prompt Text as Executable Specification,NM_IO_01,0.0,0.7235065382748029,0.32557794222366127,TP,0.85
hybrid,socratic,openai/gpt-5.1,Adams_Maria_564451,Q3,NM_SYN_01,The Algebraic Syntax Machine,False,Using ^ as a power operator (math notation confusion),NM_SYN_01,0.0,0.841888566333602,0.37884985485012085,TP,0.98
hybrid,socratic,google/gemini-2.5-flash-preview-09-2025,Adams_Maria_564451,Q3,NM_SYN_01,The Algebraic Syntax Machine,False,Mathematical Operator Misinterpretation (Power),NM_SYN_01,0.0,0.8799972538691782,0.3959987642411301,TP,1.0
hybrid,socratic,anthropic/claude-haiku-4.5,Adams_Maria_564451,Q3,NM_SYN_01,The Algebraic Syntax Machine,False,Misunderstanding of Exponentiation Operator,NM_SYN_01,0.0,0.8294887682522027,0.3732699457134912,TP,0.99
hybrid,socratic,openai/gpt-5.1:reasoning,Adams_Maria_564451,Q3,NM_SYN_01,The Algebraic Syntax Machine,False,Using ^ as exponent operator (math-notation confusion),NM_SYN_01,0.0,0.8425115726045448,0.37913020767204514,TP,0.98
hybrid,socratic,google/gemini-2.5-flash-preview-09-2025:reasoning,Adams_Maria_564451,Q3,NM_SYN_01,The Algebraic Syntax Machine,False,Mathematical Operator Misinterpretation (XOR for Exponentiation),NM_SYN_01,0.0,0.8597674839120306,0.3868953677604137,TP,1.0
hybrid,socratic,anthropic/claude-haiku-4.5:reasoning,Adams_Maria_564451,Q3,NM_SYN_01,The Algebraic Syntax Machine,False,Math Notation Translates Directly to Java Operators,NM_SYN_01,0.0,0.8577411284969564,0.38598350782363033,TP,0.95
hybrid,socratic,openai/gpt-5.1,Wright_Donna_588683,Q2,NM_IO_02,The Anthropomorphic I/O Machine,False,Assuming input is stored without assigning the return value,NM_IO_02,0.0,0.7347360918596145,0.33063124133682653,TP,0.9
hybrid,socratic,openai/gpt-5.1,Wright_Donna_588683,Q2,NM_IO_02,The Anthropomorphic I/O Machine,False,Belief in automatic overriding of default values by user input,NM_IO_01,0.0,0.592701295686965,0.2667155830591342,FP_WRONG,0.75
hybrid,socratic,google/gemini-2.5-flash-preview-09-2025,Wright_Donna_588683,Q2,NM_IO_02,The Anthropomorphic I/O Machine,False,Unassigned Method Return Value,NM_IO_02,0.0,0.7051595393921224,0.31732179272645505,TP,1.0
hybrid,socratic,google/gemini-2.5-flash-preview-09-2025,Wright_Donna_588683,Q2,NM_IO_02,The Anthropomorphic I/O Machine,False,Sequential Overwriting by Default Initialization,NM_IO_01,0.0,0.6230616816456064,0.28037775674052284,FP_WRONG,0.9
hybrid,socratic,anthropic/claude-haiku-4.5,Wright_Donna_588683,Q2,NM_IO_02,The Anthropomorphic I/O Machine,False,Input Values Not Stored in Variables,NM_IO_02,0.0,0.7681379198985157,0.345662063954332,TP,0.95
hybrid,socratic,anthropic/claude-haiku-4.5,Wright_Donna_588683,Q2,NM_IO_02,The Anthropomorphic I/O Machine,False,Misleading Comments as Substitute for Code Logic,NM_IO_02,0.0,0.49333384716279677,0.22200023122325852,TP,0.92
hybrid,socratic,anthropic/claude-haiku-4.5,Wright_Donna_588683,Q2,NM_IO_02,The Anthropomorphic I/O Machine,False,Inconsistent Application of Assignment Pattern,NM_IO_02,0.0,0.6834271510824242,0.30754221798709086,TP,0.88
hybrid,socratic,openai/gpt-5.1:reasoning,Wright_Donna_588683,Q2,NM_IO_02,The Anthropomorphic I/O Machine,False,Input Value Stored Implicitly Without Variables,NM_IO_02,0.0,0.7340680382782437,0.3303306172252097,TP,0.8
hybrid,socratic,openai/gpt-5.1:reasoning,Wright_Donna_588683,Q2,NM_IO_02,The Anthropomorphic I/O Machine,False,Defaults Misunderstood as Automatic Fallbacks,NM_IO_02,0.0,0.6365009885857909,0.2864254448636058,TP,0.6
hybrid,socratic,google/gemini-2.5-flash-preview-09-2025:reasoning,Wright_Donna_588683,Q2,NM_IO_02,The Anthropomorphic I/O Machine,False,Ignoring Method Return Values,NM_IO_02,0.0,0.7235258311160959,0.32558662400224314,TP,1.0
hybrid,socratic,google/gemini-2.5-flash-preview-09-2025:reasoning,Wright_Donna_588683,Q2,NM_IO_02,The Anthropomorphic I/O Machine,False,Overwriting Input Data with Default Values,NM_IO_01,0.0,0.5939630812474661,0.26728338656135975,FP_WRONG,0.95
hybrid,socratic,anthropic/claude-haiku-4.5:reasoning,Wright_Donna_588683,Q2,NM_IO_02,The Anthropomorphic I/O Machine,False,Method Return Values Not Captured,NM_IO_02,0.0,0.7445423631635251,0.3350440634235862,TP,0.95
hybrid,socratic,anthropic/claude-haiku-4.5:reasoning,Wright_Donna_588683,Q2,NM_IO_02,The Anthropomorphic I/O Machine,False,Variables and Input Data as Separate Concepts,NM_IO_02,0.0,0.7469655514436939,0.33613449814966223,TP,0.9
hybrid,socratic,google/gemini-2.5-flash-preview-09-2025:reasoning,Mitchell_Dakota_235991,Q2,,,True,Output Formatting Neglect,NM_TYP_01,0.0,0.5590831163625595,0.25158740236315175,FP_CLEAN,0.8
hybrid,socratic,openai/gpt-5.1,Adams_Maria_564451,Q2,NM_STATE_01,The Reactive State Machine,False,,,0.0,0.0,0.0,FN,
hybrid,socratic,google/gemini-2.5-flash-preview-09-2025,Adams_Maria_564451,Q2,NM_STATE_01,The Reactive State Machine,False,Irrelevant Code Inclusion and Unnecessary Initialization,NM_TYP_01,0.0,0.5746871967130207,0.2586092385208593,FP_WRONG,0.95
hybrid,socratic,google/gemini-2.5-flash-preview-09-2025,Adams_Maria_564451,Q2,NM_STATE_01,The Reactive State Machine,False,,,0.0,0.0,0.0,FN,
hybrid,socratic,anthropic/claude-haiku-4.5,Adams_Maria_564451,Q2,NM_STATE_01,The Reactive State Machine,False,Copy-Paste Code Artifact / Irrelevant Variable Initialization,NM_IO_02,0.0,0.5487838858583457,0.24695274863625555,FP_WRONG,0.85
hybrid,socratic,anthropic/claude-haiku-4.5,Adams_Maria_564451,Q2,NM_STATE_01,The Reactive State Machine,False,Division by Zero Awareness Gap,NM_TYP_01,0.0,0.6423762810666127,0.2890693264799757,FP_WRONG,0.72
hybrid,socratic,anthropic/claude-haiku-4.5,Adams_Maria_564451,Q2,NM_STATE_01,The Reactive State Machine,False,,,0.0,0.0,0.0,FN,
hybrid,socratic,openai/gpt-5.1:reasoning,Adams_Maria_564451,Q2,NM_STATE_01,The Reactive State Machine,False,,,0.0,0.0,0.0,FN,
hybrid,socratic,google/gemini-2.5-flash-preview-09-2025:reasoning,Adams_Maria_564451,Q2,NM_STATE_01,The Reactive State Machine,False,Inclusion of Unnecessary/Unrelated Variables and Calculation,NM_TYP_01,0.0,0.5827239216366493,0.2622257647364922,FP_WRONG,0.95
hybrid,socratic,google/gemini-2.5-flash-preview-09-2025:reasoning,Adams_Maria_564451,Q2,NM_STATE_01,The Reactive State Machine,False,,,0.0,0.0,0.0,FN,
hybrid,socratic,anthropic/claude-haiku-4.5:reasoning,Adams_Maria_564451,Q2,NM_STATE_01,The Reactive State Machine,False,Dead Code Irrelevance / Problem Misreading,NM_IO_02,0.0,0.5514738002174464,0.24816321009785086,FP_WRONG,0.85
hybrid,socratic,anthropic/claude-haiku-4.5:reasoning,Adams_Maria_564451,Q2,NM_STATE_01,The Reactive State Machine,False,,,0.0,0.0,0.0,FN,
hybrid,socratic,openai/gpt-5.1,Miller_Emily_916799,Q2,NM_STATE_01,The Reactive State Machine,False,Automatic Updating of Dependent Variables,NM_STATE_01,0.0,0.7502458495338906,0.33761063229025073,TP,0.86
hybrid,socratic,google/gemini-2.5-flash-preview-09-2025,Miller_Emily_916799,Q2,NM_STATE_01,The Reactive State Machine,False,Irrelevant Calculation and Dead Code,NM_SYN_02,0.0,0.5584463364160701,0.2513008513872315,FP_WRONG,0.95
hybrid,socratic,google/gemini-2.5-flash-preview-09-2025,Miller_Emily_916799,Q2,NM_STATE_01,The Reactive State Machine,False,,,0.0,0.0,0.0,FN,
hybrid,socratic,anthropic/claude-haiku-4.5,Miller_Emily_916799,Q2,NM_STATE_01,The Reactive State Machine,False,Irrelevant Code Inclusion / Dead Code Misunderstanding,NM_STATE_01,0.0,0.532687833171642,0.2397095249272389,TP,0.85
hybrid,socratic,anthropic/claude-haiku-4.5,Miller_Emily_916799,Q2,NM_STATE_01,The Reactive State Machine,False,Variable Initialization Confusion / Premature Computation,NM_STATE_01,0.0,0.6652561184433089,0.299365253299489,TP,0.72
hybrid,socratic,openai/gpt-5.1:reasoning,Miller_Emily_916799,Q2,NM_STATE_01,The Reactive State Machine,False,Formula-As-Link / Automatic Variable Recalculation,NM_STATE_01,0.0,0.7598817887021457,0.3419468049159655,TP,0.7
hybrid,socratic,google/gemini-2.5-flash-preview-09-2025:reasoning,Miller_Emily_916799,Q2,NM_STATE_01,The Reactive State Machine,False,Inert Variables/Unused Code Snippets,NM_STATE_01,0.0,0.561365419456842,0.2526144387555789,TP,0.95
hybrid,socratic,anthropic/claude-haiku-4.5:reasoning,Miller_Emily_916799,Q2,NM_STATE_01,The Reactive State Machine,False,Unused Physics Formula in Unrelated Context,NM_STATE_01,0.0,0.616745667716475,0.27753555047241374,TP,0.75
hybrid,socratic,anthropic/claude-haiku-4.5:reasoning,Miller_Emily_916799,Q2,NM_STATE_01,The Reactive State Machine,False,Unrelated Problem Domain Knowledge Bleeding Into Solution,NM_TYP_01,0.0,0.5494892509139135,0.24727016291126108,FP_WRONG,0.85
hybrid,socratic,openai/gpt-5.1,Robinson_David_819949,Q1,NM_SYN_02,The Algebraic Syntax Machine,False,Misunderstanding of operator precedence when translating math to code,NM_SYN_02,0.0,0.857229376182546,0.3857532192821457,TP,0.9
hybrid,socratic,google/gemini-2.5-flash-preview-09-2025,Robinson_David_819949,Q1,NM_SYN_02,The Algebraic Syntax Machine,False,Mathematical Operator Precedence Misunderstanding,NM_SYN_02,0.0,0.7834288802868561,0.3525429961290852,TP,1.0
hybrid,socratic,anthropic/claude-haiku-4.5,Robinson_David_819949,Q1,NM_SYN_02,The Algebraic Syntax Machine,False,Operator Precedence Misunderstanding,NM_SYN_02,0.5714285714285714,0.8387964153871759,0.6917441012099435,TP,0.95
hybrid,socratic,openai/gpt-5.1:reasoning,Robinson_David_819949,Q1,NM_SYN_02,The Algebraic Syntax Machine,False,Ignoring Operator Precedence in Arithmetic Expressions,NM_SYN_02,0.0,0.849670764782552,0.38235184415214835,TP,0.92
hybrid,socratic,google/gemini-2.5-flash-preview-09-2025:reasoning,Robinson_David_819949,Q1,NM_SYN_02,The Algebraic Syntax Machine,False,Operator Precedence Confusion,NM_SYN_02,0.0,0.8284984795098783,0.3728243157794452,TP,1.0
hybrid,socratic,anthropic/claude-haiku-4.5:reasoning,Robinson_David_819949,Q1,NM_SYN_02,The Algebraic Syntax Machine,False,Operator Precedence Misunderstanding,NM_SYN_02,0.5714285714285714,0.8413342864042215,0.6928861431676139,TP,0.98
hybrid,socratic,openai/gpt-5.1,Wright_Donna_588683,Q4,NM_TYP_01,The Fluid Type Machine,False,Decimals Lost by int Will Be Fixed by double Later,NM_TYP_01,0.0,0.7272906844831623,0.327280808017423,TP,0.93
hybrid,socratic,google/gemini-2.5-flash-preview-09-2025,Wright_Donna_588683,Q4,NM_TYP_01,The Fluid Type Machine,False,Inaccurate Integer Casting in Utility Method,NM_TYP_02,0.0,0.5963315293581634,0.2683491882111735,FP_WRONG,0.95
hybrid,socratic,google/gemini-2.5-flash-preview-09-2025,Wright_Donna_588683,Q4,NM_TYP_01,The Fluid Type Machine,False,Premature/Involuntary Integer Arithmetic,NM_TYP_01,0.0,0.6899621732627583,0.3104829779682412,TP,0.95
hybrid,socratic,anthropic/claude-haiku-4.5,Wright_Donna_588683,Q4,NM_TYP_01,The Fluid Type Machine,False,Loss of Precision Through Premature Integer Casting,NM_TYP_01,0.0,0.6425452730692001,0.28914537288114,TP,0.95
hybrid,socratic,anthropic/claude-haiku-4.5,Wright_Donna_588683,Q4,NM_TYP_01,The Fluid Type Machine,False,Integer Division Followed by Implicit Precision Recovery,NM_TYP_01,0.0,0.7497701889372306,0.33739658502175374,TP,0.9
hybrid,socratic,anthropic/claude-haiku-4.5,Wright_Donna_588683,Q4,NM_TYP_01,The Fluid Type Machine,False,Type Selection Based on Perceived Simplicity Rather Than Precision Requirements,NM_TYP_01,0.0,0.5879853312708752,0.2645933990718938,TP,0.85
hybrid,socratic,openai/gpt-5.1:reasoning,Wright_Donna_588683,Q4,NM_TYP_01,The Fluid Type Machine,False,Reversible Casting and Ignoring Integer Precision Loss,NM_TYP_01,0.0,0.6869588035351226,0.3091314615908051,TP,0.96
hybrid,socratic,google/gemini-2.5-flash-preview-09-2025:reasoning,Wright_Donna_588683,Q4,NM_TYP_01,The Fluid Type Machine,False,Premature Type Truncation (Loss of Precision),NM_TYP_01,0.0,0.6286695503693986,0.28290129766622935,TP,1.0
hybrid,socratic,google/gemini-2.5-flash-preview-09-2025:reasoning,Wright_Donna_588683,Q4,NM_TYP_01,The Fluid Type Machine,False,Integer Division in Floating Point Context,NM_TYP_01,0.6176470588235294,0.7559987934575902,0.6799053394088568,TP,0.95
hybrid,socratic,anthropic/claude-haiku-4.5:reasoning,Wright_Donna_588683,Q4,NM_TYP_01,The Fluid Type Machine,False,Precision Loss Cannot Be Recovered Later,NM_TYP_01,0.0,0.6610196186238738,0.29745882838074317,TP,0.92
hybrid,socratic,anthropic/claude-haiku-4.5:reasoning,Wright_Donna_588683,Q4,NM_TYP_01,The Fluid Type Machine,False,Integer Casting of Floating-Point Results,NM_TYP_01,0.0,0.6410993043364653,0.2884946869514094,TP,0.88
hybrid,socratic,anthropic/claude-haiku-4.5:reasoning,Wright_Donna_588683,Q4,NM_TYP_01,The Fluid Type Machine,False,Integer Division Precision Loss vs. Type Conversion,NM_TYP_01,0.0,0.7495669864828072,0.3373051439172632,TP,0.9
hybrid,socratic,google/gemini-2.5-flash-preview-09-2025,Adams_Maria_564451,Q4,,,True,Scanner Next Double Behavior,NM_IO_02,0.0,0.6598668795848819,0.2969400958131968,FP_CLEAN,0.8
hybrid,socratic,google/gemini-2.5-flash-preview-09-2025:reasoning,Simon_Jeffrey_923974,Q4,,,True,Input Buffer Consumption Mismatch,NM_IO_01,0.5925925925925926,0.7234732170333318,0.6514888735909252,FP_CLEAN,0.8
hybrid,socratic,google/gemini-2.5-flash-preview-09-2025:reasoning,Miller_Emily_916799,Q4,,,True,Input Type Mismatch and Buffer Handling,NM_IO_01,0.0,0.7042184474040675,0.31689830133183033,FP_CLEAN,0.5
hybrid,socratic,google/gemini-2.5-flash-preview-09-2025:reasoning,Montgomery_Roberta_641525,Q4,,,True,Input Handling Misalignment with Multi-Input Requests,NM_IO_01,0.0,0.6928222496240048,0.31177001233080215,FP_CLEAN,0.7
hybrid,socratic,openai/gpt-5.1,Robinson_David_819949,Q2,NM_STATE_01,The Reactive State Machine,False,Variables as Auto-Updating Formulas,NM_STATE_01,0.0,0.7098237611525834,0.3194206925186625,TP,0.96
hybrid,socratic,google/gemini-2.5-flash-preview-09-2025,Robinson_David_819949,Q2,NM_STATE_01,The Reactive State Machine,False,Execution Order and Variable Assignment Time,NM_STATE_01,0.0,0.6340919248610837,0.2853413661874876,TP,1.0
hybrid,socratic,anthropic/claude-haiku-4.5,Robinson_David_819949,Q2,NM_STATE_01,The Reactive State Machine,False,Variable Initialization Before Assignment,NM_STATE_01,0.0,0.6488061566863347,0.29196277050885056,TP,0.95
hybrid,socratic,openai/gpt-5.1:reasoning,Robinson_David_819949,Q2,NM_STATE_01,The Reactive State Machine,False,Automatic Formula Recalculation (Spreadsheet Mental Model),NM_STATE_01,0.0,0.7526126490782695,0.33867569208522125,TP,0.95
hybrid,socratic,google/gemini-2.5-flash-preview-09-2025:reasoning,Robinson_David_819949,Q2,NM_STATE_01,The Reactive State Machine,False,Static Evaluation of Expressions (Lack of Automatic Variable Updating),NM_STATE_01,0.0,0.6655951548880773,0.29951781969963476,TP,1.0
hybrid,socratic,anthropic/claude-haiku-4.5:reasoning,Robinson_David_819949,Q2,NM_STATE_01,The Reactive State Machine,False,Automatic Variable Updates / Reactive Dependency,NM_STATE_01,0.0,0.7236546022157799,0.3256445709971009,TP,0.95
hybrid,socratic,google/gemini-2.5-flash-preview-09-2025:reasoning,Garcia_Whitney_468483,Q4,,,True,Input Buffer Reading Assumption,NM_IO_02,0.0,0.6833604135791512,0.30751218611061804,FP_CLEAN,0.85
hybrid,socratic,google/gemini-2.5-flash-preview-09-2025:reasoning,Garcia_Whitney_468483,Q4,,,True,Resource Management Deficiency,NM_IO_02,0.0,0.5570060123277495,0.25065270554748725,FP_CLEAN,0.9
hybrid,socratic,openai/gpt-5.1,Robinson_David_819949,Q4,NM_TYP_01,The Fluid Type Machine,False,Ignoring precision loss when casting to int,NM_TYP_01,0.0,0.6358802970132388,0.2861461336559574,TP,0.86
hybrid,socratic,openai/gpt-5.1,Robinson_David_819949,Q4,NM_TYP_01,The Fluid Type Machine,False,Confusing integer division with real-number division,NM_TYP_01,0.0,0.7176075617220673,0.32292340277493026,TP,0.78
hybrid,socratic,google/gemini-2.5-flash-preview-09-2025,Robinson_David_819949,Q4,NM_TYP_01,The Fluid Type Machine,False,Implicit Floating-Point Truncation,NM_TYP_01,0.0,0.6557324775898026,0.2950796149154111,TP,0.95
hybrid,socratic,google/gemini-2.5-flash-preview-09-2025,Robinson_David_819949,Q4,NM_TYP_01,The Fluid Type Machine,False,Integer Division in Intermediate Steps,NM_TYP_01,0.71875,0.6524277235064467,0.6889049755779011,TP,0.9
hybrid,socratic,anthropic/claude-haiku-4.5,Robinson_David_819949,Q4,NM_TYP_01,The Fluid Type Machine,False,Premature Integer Casting of Floating-Point Calculations,NM_TYP_02,0.0,0.6124001032815773,0.2755800464767098,FP_WRONG,0.95
hybrid,socratic,anthropic/claude-haiku-4.5,Robinson_David_819949,Q4,NM_TYP_01,The Fluid Type Machine,False,Integer Division Where Floating-Point is Required,NM_TYP_01,0.5866666666666667,0.0,0.3226666666666667,TP,0.92
hybrid,socratic,anthropic/claude-haiku-4.5,Robinson_David_819949,Q4,NM_TYP_01,The Fluid Type Machine,False,Type System Mismatch Between Input Data Types and Calculation Requirements,NM_TYP_01,0.0,0.595473177552855,0.26796292989878473,TP,0.78
hybrid,socratic,openai/gpt-5.1:reasoning,Robinson_David_819949,Q4,NM_TYP_01,The Fluid Type Machine,False,Ignoring integer truncation for real-valued geometry,NM_TYP_01,0.0,0.7202228637146254,0.3241002886715814,TP,0.88
hybrid,socratic,google/gemini-2.5-flash-preview-09-2025:reasoning,Robinson_David_819949,Q4,NM_TYP_01,The Fluid Type Machine,False,Inappropriate Lossy Type Casting,NM_TYP_02,0.0,0.6446384462835454,0.2900873008275954,FP_WRONG,0.95
hybrid,socratic,google/gemini-2.5-flash-preview-09-2025:reasoning,Robinson_David_819949,Q4,NM_TYP_01,The Fluid Type Machine,False,Integer Division and Precision Loss in Formula Intermediates,NM_TYP_01,0.0,0.6871534675473917,0.30921906039632624,TP,0.9
hybrid,socratic,anthropic/claude-haiku-4.5:reasoning,Robinson_David_819949,Q4,NM_TYP_01,The Fluid Type Machine,False,Premature Type Narrowing in Geometric Calculations,NM_TYP_02,0.0,0.610892364478819,0.2749015640154685,FP_WRONG,0.95
hybrid,socratic,anthropic/claude-haiku-4.5:reasoning,Robinson_David_819949,Q4,NM_TYP_01,The Fluid Type Machine,False,Integer Division Losses in Formula Application,NM_TYP_01,0.5555555555555556,0.0,0.3055555555555556,TP,0.92
hybrid,socratic,anthropic/claude-haiku-4.5:reasoning,Robinson_David_819949,Q4,NM_TYP_01,The Fluid Type Machine,False,Misunderstanding Type Propagation in Arithmetic Expressions,NM_TYP_01,0.0,0.6584535888471935,0.29630411498123704,TP,0.78
hybrid,socratic,openai/gpt-5.1,Robles_Raymond_801158,Q4,NM_SYN_02,The Algebraic Syntax Machine,False,Translating Algebraic Squares Without Parentheses / Operator Precedence Confusion,NM_SYN_02,0.0,0.7269829840656659,0.3271423428295496,TP,0.93
hybrid,socratic,google/gemini-2.5-flash-preview-09-2025,Robles_Raymond_801158,Q4,NM_SYN_02,The Algebraic Syntax Machine,False,Mathematical Expression Translation Error (Power/Squaring),NM_SYN_01,0.0,0.7355234176176898,0.33098553792796037,FP_WRONG,1.0
hybrid,socratic,google/gemini-2.5-flash-preview-09-2025,Robles_Raymond_801158,Q4,NM_SYN_02,The Algebraic Syntax Machine,False,,,0.0,0.0,0.0,FN,
hybrid,socratic,anthropic/claude-haiku-4.5,Robles_Raymond_801158,Q4,NM_SYN_02,The Algebraic Syntax Machine,False,Operator Precedence and Algebraic Expression Translation,NM_SYN_02,0.0,0.7625953651659798,0.3431679143246909,TP,0.95
hybrid,socratic,anthropic/claude-haiku-4.5,Robles_Raymond_801158,Q4,NM_SYN_02,The Algebraic Syntax Machine,False,Missing Function/Method Abstraction from Question 3,NM_API_01,0.0,0.5340519980846402,0.24032339913808806,FP_WRONG,0.85
hybrid,socratic,openai/gpt-5.1:reasoning,Robles_Raymond_801158,Q4,NM_SYN_02,The Algebraic Syntax Machine,False,Misunderstanding of arithmetic precedence and squaring in code,NM_SYN_02,0.0,0.729422343592109,0.328240054616449,TP,0.86
hybrid,socratic,google/gemini-2.5-flash-preview-09-2025:reasoning,Robles_Raymond_801158,Q4,NM_SYN_02,The Algebraic Syntax Machine,False,Mathematical Notation Misinterpretation/Operator Precedence Error,NM_SYN_02,0.0,0.7287864615653584,0.32795390770441124,TP,1.0
hybrid,socratic,anthropic/claude-haiku-4.5:reasoning,Robles_Raymond_801158,Q4,NM_SYN_02,The Algebraic Syntax Machine,False,Operator Precedence in Mathematical Expression Translation,NM_SYN_02,0.0,0.7743087499927062,0.3484389374967177,TP,0.92
hybrid,socratic,anthropic/claude-haiku-4.5:reasoning,Robles_Raymond_801158,Q4,NM_SYN_02,The Algebraic Syntax Machine,False,Exponentiation Notation Misunderstanding,NM_SYN_01,0.0,0.7584317728358375,0.34129429777612685,FP_WRONG,0.88
hybrid,taxonomy,openai/gpt-5.1,Simon_Jeffrey_923974,Q3,NM_IO_01,The Anthropomorphic I/O Machine,False,Prompt-driven input mapping,NM_IO_01,0.0,0.7745774192030878,0.34855983864138945,TP,0.9
hybrid,taxonomy,google/gemini-2.5-flash-preview-09-2025,Simon_Jeffrey_923974,Q3,NM_IO_01,The Anthropomorphic I/O Machine,False,Sequential Input Order Confusion,NM_IO_01,0.0,0.7510838370700853,0.33798772668153837,TP,1.0
hybrid,taxonomy,anthropic/claude-haiku-4.5,Simon_Jeffrey_923974,Q3,NM_IO_01,The Anthropomorphic I/O Machine,False,Prompt-Driven Variable Assignment,NM_IO_01,0.0,0.7906536042523473,0.35579412191355625,TP,0.95
hybrid,taxonomy,openai/gpt-5.1:reasoning,Simon_Jeffrey_923974,Q3,NM_IO_01,The Anthropomorphic I/O Machine,False,Prompt-driven input binding,NM_IO_01,0.0,0.7986624555423163,0.3593981049940423,TP,0.96
hybrid,taxonomy,google/gemini-2.5-flash-preview-09-2025:reasoning,Simon_Jeffrey_923974,Q3,NM_IO_01,The Anthropomorphic I/O Machine,False,Input Variable Association by Prompt Text,NM_IO_01,0.0,0.8030784175874458,0.3613852879143506,TP,1.0
hybrid,taxonomy,anthropic/claude-haiku-4.5:reasoning,Simon_Jeffrey_923974,Q3,NM_IO_01,The Anthropomorphic I/O Machine,False,Prompt-Driven Input Ordering,NM_IO_01,0.0,0.8160665194498813,0.36722993375244656,TP,0.95
hybrid,taxonomy,openai/gpt-5.1,Adams_Maria_564451,Q3,NM_SYN_01,The Algebraic Syntax Machine,False,Using ^ as an exponent operator,NM_SYN_01,0.0,0.7881345801530183,0.3546605610688582,TP,0.99
hybrid,taxonomy,google/gemini-2.5-flash-preview-09-2025,Adams_Maria_564451,Q3,NM_SYN_01,The Algebraic Syntax Machine,False,Bitwise XOR for Exponentiation,NM_SYN_01,0.0,0.8633798489914082,0.38852093204613364,TP,1.0
hybrid,taxonomy,anthropic/claude-haiku-4.5,Adams_Maria_564451,Q3,NM_SYN_01,The Algebraic Syntax Machine,False,Bitwise Operator Misunderstanding,NM_SYN_01,0.0,0.865509820903827,0.3894794194067221,TP,0.95
hybrid,taxonomy,openai/gpt-5.1:reasoning,Adams_Maria_564451,Q3,NM_SYN_01,The Algebraic Syntax Machine,False,Treating caret (^) as exponent operator,NM_SYN_01,0.0,0.8322876702273314,0.3745294516022991,TP,0.98
hybrid,taxonomy,google/gemini-2.5-flash-preview-09-2025:reasoning,Adams_Maria_564451,Q3,NM_SYN_01,The Algebraic Syntax Machine,False,Bitwise XOR for Exponentiation,NM_SYN_01,0.0,0.8715923186446918,0.39221654339011125,TP,1.0
hybrid,taxonomy,anthropic/claude-haiku-4.5:reasoning,Adams_Maria_564451,Q3,NM_SYN_01,The Algebraic Syntax Machine,False,Mathematical Notation Operator Confusion,NM_SYN_01,0.0,0.8171674742247308,0.3677253634011288,TP,0.95
hybrid,taxonomy,openai/gpt-5.1,Wright_Donna_588683,Q2,NM_IO_02,The Anthropomorphic I/O Machine,False,Inputs remembered without variables,NM_IO_02,0.0,0.7454187004163313,0.33543841518734907,TP,0.82
hybrid,taxonomy,google/gemini-2.5-flash-preview-09-2025,Wright_Donna_588683,Q2,NM_IO_02,The Anthropomorphic I/O Machine,False,Unassigned Return Value,NM_IO_02,0.0,0.7074603500733685,0.3183571575330158,TP,1.0
hybrid,taxonomy,google/gemini-2.5-flash-preview-09-2025,Wright_Donna_588683,Q2,NM_IO_02,The Anthropomorphic I/O Machine,False,Sequential Initialization Overrides Intent,NM_IO_01,0.0,0.6480787394406102,0.2916354327482746,FP_WRONG,0.95
hybrid,taxonomy,anthropic/claude-haiku-4.5,Wright_Donna_588683,Q2,NM_IO_02,The Anthropomorphic I/O Machine,False,Input-Result Disconnection,NM_IO_02,0.0,0.8057597853659396,0.3625919034146728,TP,0.95
hybrid,taxonomy,anthropic/claude-haiku-4.5,Wright_Donna_588683,Q2,NM_IO_02,The Anthropomorphic I/O Machine,False,Assignment Order Independence,NM_IO_01,0.0,0.6133997862689579,0.276029903821031,FP_WRONG,0.88
hybrid,taxonomy,openai/gpt-5.1:reasoning,Wright_Donna_588683,Q2,NM_IO_02,The Anthropomorphic I/O Machine,False,Prompt-driven automatic input storage,NM_IO_01,0.0,0.7343476203458892,0.3304564291556501,FP_WRONG,0.9
hybrid,taxonomy,openai/gpt-5.1:reasoning,Wright_Donna_588683,Q2,NM_IO_02,The Anthropomorphic I/O Machine,False,,,0.0,0.0,0.0,FN,
hybrid,taxonomy,google/gemini-2.5-flash-preview-09-2025:reasoning,Wright_Donna_588683,Q2,NM_IO_02,The Anthropomorphic I/O Machine,False,Input Reading Without Assignment,NM_IO_02,0.0,0.7540989678477676,0.3393445355314954,TP,1.0
hybrid,taxonomy,google/gemini-2.5-flash-preview-09-2025:reasoning,Wright_Donna_588683,Q2,NM_IO_02,The Anthropomorphic I/O Machine,False,Variable Initialization vs. Input Allocation Order,NM_IO_01,0.0,0.6235579862779979,0.280601093825099,FP_WRONG,0.9
hybrid,taxonomy,anthropic/claude-haiku-4.5:reasoning,Wright_Donna_588683,Q2,NM_IO_02,The Anthropomorphic I/O Machine,False,Method Return Value Discardance,NM_IO_02,0.0,0.758901171037886,0.34150552696704867,TP,0.95
hybrid,taxonomy,openai/gpt-5.1,Adams_Maria_564451,Q2,NM_STATE_01,The Reactive State Machine,False,,,0.0,0.0,0.0,FN,
hybrid,taxonomy,google/gemini-2.5-flash-preview-09-2025,Adams_Maria_564451,Q2,NM_STATE_01,The Reactive State Machine,False,Unmanaged Premature Calculation,NM_TYP_01,0.0,0.6782049099741917,0.3051922094883862,FP_WRONG,0.95
hybrid,taxonomy,google/gemini-2.5-flash-preview-09-2025,Adams_Maria_564451,Q2,NM_STATE_01,The Reactive State Machine,False,,,0.0,0.0,0.0,FN,
hybrid,taxonomy,anthropic/claude-haiku-4.5,Adams_Maria_564451,Q2,NM_STATE_01,The Reactive State Machine,False,Dead Code / Unused Variable Initialization,NM_IO_02,0.0,0.5496193578018321,0.24732871101082443,FP_WRONG,0.75
hybrid,taxonomy,anthropic/claude-haiku-4.5,Adams_Maria_564451,Q2,NM_STATE_01,The Reactive State Machine,False,Contextual Misunderstanding / Copy-Paste Error,NM_STATE_01,0.0,0.5509393692159693,0.24792271614718617,TP,0.85
hybrid,taxonomy,openai/gpt-5.1:reasoning,Adams_Maria_564451,Q2,NM_STATE_01,The Reactive State Machine,False,,,0.0,0.0,0.0,FN,
hybrid,taxonomy,google/gemini-2.5-flash-preview-09-2025:reasoning,Adams_Maria_564451,Q2,NM_STATE_01,The Reactive State Machine,False,Unnecessary Code/Bloated Implementation,NM_TYP_01,0.0,0.542145136955163,0.24396531162982332,FP_WRONG,0.8
hybrid,taxonomy,google/gemini-2.5-flash-preview-09-2025:reasoning,Adams_Maria_564451,Q2,NM_STATE_01,The Reactive State Machine,False,Division by Default Zero,NM_TYP_01,0.0,0.6596546799419016,0.2968446059738557,FP_WRONG,0.95
hybrid,taxonomy,google/gemini-2.5-flash-preview-09-2025:reasoning,Adams_Maria_564451,Q2,NM_STATE_01,The Reactive State Machine,False,,,0.0,0.0,0.0,FN,
hybrid,taxonomy,anthropic/claude-haiku-4.5:reasoning,Adams_Maria_564451,Q2,NM_STATE_01,The Reactive State Machine,False,,,0.0,0.0,0.0,FN,
hybrid,taxonomy,openai/gpt-5.1,Miller_Emily_916799,Q2,NM_STATE_01,The Reactive State Machine,False,Precomputed formula that will auto-update with later inputs,NM_STATE_01,0.0,0.7662420293685673,0.3448089132158553,TP,0.82
hybrid,taxonomy,google/gemini-2.5-flash-preview-09-2025,Miller_Emily_916799,Q2,NM_STATE_01,The Reactive State Machine,False,Irrelevant Preliminary Calculation and Variable Pollution,NM_TYP_01,0.0,0.5884665364381219,0.2648099413971548,FP_WRONG,0.95
hybrid,taxonomy,google/gemini-2.5-flash-preview-09-2025,Miller_Emily_916799,Q2,NM_STATE_01,The Reactive State Machine,False,,,0.0,0.0,0.0,FN,
hybrid,taxonomy,anthropic/claude-haiku-4.5,Miller_Emily_916799,Q2,NM_STATE_01,The Reactive State Machine,False,Premature Calculation with Uninitialized Variables,NM_STATE_01,0.0,0.7466304899465367,0.3359837204759415,TP,0.85
hybrid,taxonomy,openai/gpt-5.1:reasoning,Miller_Emily_916799,Q2,NM_STATE_01,The Reactive State Machine,False,Formula-as-live-link (automatic recalculation of variables),NM_STATE_01,0.0,0.7455398825019286,0.33549294712586786,TP,0.65
hybrid,taxonomy,google/gemini-2.5-flash-preview-09-2025:reasoning,Miller_Emily_916799,Q2,NM_STATE_01,The Reactive State Machine,False,Anticipatory Variable Initialization,NM_STATE_01,0.0,0.684388520727217,0.30797483432724765,TP,0.95
hybrid,taxonomy,google/gemini-2.5-flash-preview-09-2025:reasoning,Miller_Emily_916799,Q2,NM_STATE_01,The Reactive State Machine,False,Reactive State Propagation (Implicit/Unused Variables),NM_STATE_01,0.0,0.7253035915506126,0.32638661619777565,TP,0.8
hybrid,taxonomy,anthropic/claude-haiku-4.5:reasoning,Miller_Emily_916799,Q2,NM_STATE_01,The Reactive State Machine,False,Pre-computation with Placeholder Values,NM_STATE_01,0.0,0.774123673127552,0.3483556529073984,TP,0.85
hybrid,taxonomy,openai/gpt-5.1,Robinson_David_819949,Q1,NM_SYN_02,The Algebraic Syntax Machine,False,Operator precedence misunderstanding in arithmetic expressions,NM_SYN_02,0.0,0.837380302548419,0.3768211361467885,TP,0.86
hybrid,taxonomy,google/gemini-2.5-flash-preview-09-2025,Robinson_David_819949,Q1,NM_SYN_02,The Algebraic Syntax Machine,False,PEMDAS/Operator Precedence Misunderstanding,NM_SYN_02,0.0,0.8161968084951817,0.36728856382283176,TP,1.0
hybrid,taxonomy,anthropic/claude-haiku-4.5,Robinson_David_819949,Q1,NM_SYN_02,The Algebraic Syntax Machine,False,Operator Precedence Misunderstanding,NM_SYN_02,0.5714285714285714,0.8202182745837887,0.6833839378484192,TP,0.98
hybrid,taxonomy,openai/gpt-5.1:reasoning,Robinson_David_819949,Q1,NM_SYN_02,The Algebraic Syntax Machine,False,Operator Precedence Misunderstanding,NM_SYN_02,0.5714285714285714,0.8845427134025743,0.7123299353168726,TP,0.95
hybrid,taxonomy,google/gemini-2.5-flash-preview-09-2025:reasoning,Robinson_David_819949,Q1,NM_SYN_02,The Algebraic Syntax Machine,False,Implicit Parentheses Assumption (Operator Precedence Misunderstanding),NM_SYN_02,0.0,0.8207734985986953,0.36934807436941286,TP,1.0
hybrid,taxonomy,anthropic/claude-haiku-4.5:reasoning,Robinson_David_819949,Q1,NM_SYN_02,The Algebraic Syntax Machine,False,Operator Precedence Misunderstanding,NM_SYN_02,0.5714285714285714,0.8507669484598444,0.6971308410926442,TP,0.98
hybrid,taxonomy,openai/gpt-5.1,Wright_Donna_588683,Q4,NM_TYP_01,The Fluid Type Machine,False,Belief that lost decimal precision will reappear when using double,NM_TYP_01,0.0,0.6775936682786451,0.3049171507253903,TP,0.93
hybrid,taxonomy,google/gemini-2.5-flash-preview-09-2025,Wright_Donna_588683,Q4,NM_TYP_01,The Fluid Type Machine,False,Intermediate Truncation Misunderstanding,NM_TYP_01,0.0,0.6768427766587424,0.30457924949643406,TP,1.0
hybrid,taxonomy,google/gemini-2.5-flash-preview-09-2025,Wright_Donna_588683,Q4,NM_TYP_01,The Fluid Type Machine,False,Integer Division Recovery Belief,NM_TYP_01,0.7241379310344828,0.737949278803889,0.7303530375307156,TP,1.0
hybrid,taxonomy,anthropic/claude-haiku-4.5,Wright_Donna_588683,Q4,NM_TYP_01,The Fluid Type Machine,False,Type Conversion Salvation Misconception,NM_TYP_01,0.0,0.7185095230221791,0.32332928535998057,TP,0.92
hybrid,taxonomy,anthropic/claude-haiku-4.5,Wright_Donna_588683,Q4,NM_TYP_01,The Fluid Type Machine,False,Type Truncation Insignificance Misconception,NM_TYP_01,0.0,0.6321480751222709,0.28446663380502185,TP,0.89
hybrid,taxonomy,anthropic/claude-haiku-4.5,Wright_Donna_588683,Q4,NM_TYP_01,The Fluid Type Machine,False,Compensatory Type Adjustment Misconception,NM_TYP_01,0.0,0.6828002366077452,0.30726010647348534,TP,0.85
hybrid,taxonomy,openai/gpt-5.1:reasoning,Wright_Donna_588683,Q4,NM_TYP_01,The Fluid Type Machine,False,Belief that later doubles will recover lost decimals from ints,NM_TYP_01,0.0,0.6789991388278009,0.3055496124725104,TP,0.96
hybrid,taxonomy,google/gemini-2.5-flash-preview-09-2025:reasoning,Wright_Donna_588683,Q4,NM_TYP_01,The Fluid Type Machine,False,Implicit Floating Point Casting and Value Preservation,NM_TYP_01,0.0,0.6917358417972232,0.3112811288087504,TP,0.95
hybrid,taxonomy,anthropic/claude-haiku-4.5:reasoning,Wright_Donna_588683,Q4,NM_TYP_01,The Fluid Type Machine,False,Type Conversion Retroactively Fixes Data Loss,NM_TYP_01,0.0,0.7477090189843915,0.33646905854297615,TP,0.95
hybrid,taxonomy,anthropic/claude-haiku-4.5:reasoning,Wright_Donna_588683,Q4,NM_TYP_01,The Fluid Type Machine,False,Casting to Int is Data-Loss Safe,NM_TYP_02,0.0,0.6439029400516557,0.28975632302324505,FP_WRONG,0.95
hybrid,taxonomy,openai/gpt-5.1,Robinson_David_819949,Q2,NM_STATE_01,The Reactive State Machine,False,Automatically updating formula variable,NM_STATE_01,0.0,0.7119390620232986,0.32037257791048435,TP,0.95
hybrid,taxonomy,google/gemini-2.5-flash-preview-09-2025,Robinson_David_819949,Q2,NM_STATE_01,The Reactive State Machine,False,Prefatory Calculation / Static Assignment,NM_STATE_01,0.0,0.6757512676929119,0.30408807046181036,TP,1.0
hybrid,taxonomy,anthropic/claude-haiku-4.5,Robinson_David_819949,Q2,NM_STATE_01,The Reactive State Machine,False,Premature Computation Before Input,NM_STATE_01,0.0,0.7021691852686099,0.31597613337087443,TP,0.95
hybrid,taxonomy,openai/gpt-5.1:reasoning,Robinson_David_819949,Q2,NM_STATE_01,The Reactive State Machine,False,Automatic formula recomputation,NM_STATE_01,0.0,0.7054057335745062,0.31743258010852776,TP,0.95
hybrid,taxonomy,google/gemini-2.5-flash-preview-09-2025:reasoning,Robinson_David_819949,Q2,NM_STATE_01,The Reactive State Machine,False,Calculation Before Input,NM_STATE_01,0.0,0.7034125853882741,0.31653566342472333,TP,1.0
hybrid,taxonomy,anthropic/claude-haiku-4.5:reasoning,Robinson_David_819949,Q2,NM_STATE_01,The Reactive State Machine,False,Reactive Calculation Misconception,NM_STATE_01,0.0,0.729308274721321,0.3281887236245944,TP,0.95
hybrid,taxonomy,openai/gpt-5.1,Robinson_David_819949,Q4,NM_TYP_01,The Fluid Type Machine,False,Assuming real-number math while using int types,NM_TYP_01,0.0,0.6346740767693821,0.28560333454622194,TP,0.88
hybrid,taxonomy,google/gemini-2.5-flash-preview-09-2025,Robinson_David_819949,Q4,NM_TYP_01,The Fluid Type Machine,False,Forced Integer Truncation of Floating-Point Results,NM_TYP_01,0.0,0.6794798545280882,0.30576593453763967,TP,1.0
hybrid,taxonomy,google/gemini-2.5-flash-preview-09-2025,Robinson_David_819949,Q4,NM_TYP_01,The Fluid Type Machine,False,Integer Division for Semiperimeter Calculation,NM_TYP_01,0.0,0.6938074458799999,0.3122133506459999,TP,1.0
hybrid,taxonomy,anthropic/claude-haiku-4.5,Robinson_David_819949,Q4,NM_TYP_01,The Fluid Type Machine,False,Premature Type Casting and Precision Loss,NM_TYP_01,0.0,0.62517051397204,0.281326731287418,TP,0.95
hybrid,taxonomy,anthropic/claude-haiku-4.5,Robinson_David_819949,Q4,NM_TYP_01,The Fluid Type Machine,False,Integer Arithmetic in Formula Implementation,NM_TYP_01,0.0,0.6458278643070743,0.2906225389381834,TP,0.85
hybrid,taxonomy,openai/gpt-5.1:reasoning,Robinson_David_819949,Q4,NM_TYP_01,The Fluid Type Machine,False,Integers Behaving Like Real Numbers,NM_TYP_01,0.0,0.6867033969523646,0.30901652862856405,TP,0.9
hybrid,taxonomy,google/gemini-2.5-flash-preview-09-2025:reasoning,Robinson_David_819949,Q4,NM_TYP_01,The Fluid Type Machine,False,Coerced Floating-Point Side Lengths,NM_TYP_02,0.0,0.6073636226295458,0.2733136301832956,FP_WRONG,0.95
hybrid,taxonomy,google/gemini-2.5-flash-preview-09-2025:reasoning,Robinson_David_819949,Q4,NM_TYP_01,The Fluid Type Machine,False,Integer Arithmetic for Semiperimeter Calculation,NM_TYP_01,0.0,0.6085297524026997,0.27383838858121484,TP,0.9
hybrid,taxonomy,anthropic/claude-haiku-4.5:reasoning,Robinson_David_819949,Q4,NM_TYP_01,The Fluid Type Machine,False,Integer Type Chosen for Continuous Measurements,NM_TYP_01,0.0,0.6110271473006573,0.27496221628529577,TP,0.95
hybrid,taxonomy,anthropic/claude-haiku-4.5:reasoning,Robinson_David_819949,Q4,NM_TYP_01,The Fluid Type Machine,False,Method Return Value Ignored Despite Practical Effect,NM_API_01,0.0,0.7388464086844914,0.3324808839080211,FP_WRONG,0.75
hybrid,taxonomy,openai/gpt-5.1,Robles_Raymond_801158,Q4,NM_SYN_02,The Algebraic Syntax Machine,False,Implicit algebraic grouping in arithmetic expressions,NM_SYN_02,0.0,0.7750567574072037,0.34877554083324164,TP,0.95
hybrid,taxonomy,google/gemini-2.5-flash-preview-09-2025,Robles_Raymond_801158,Q4,NM_SYN_02,The Algebraic Syntax Machine,False,Implied Exponentiation in Algebra,NM_SYN_01,0.0,0.7623046682500453,0.34303710071252036,FP_WRONG,1.0
hybrid,taxonomy,google/gemini-2.5-flash-preview-09-2025,Robles_Raymond_801158,Q4,NM_SYN_02,The Algebraic Syntax Machine,False,,,0.0,0.0,0.0,FN,
hybrid,taxonomy,anthropic/claude-haiku-4.5,Robles_Raymond_801158,Q4,NM_SYN_02,The Algebraic Syntax Machine,False,Operator Precedence Misunderstanding,NM_SYN_02,0.5714285714285714,0.7414673957856387,0.6479460423892517,TP,0.95
hybrid,taxonomy,anthropic/claude-haiku-4.5,Robles_Raymond_801158,Q4,NM_SYN_02,The Algebraic Syntax Machine,False,Missing Parentheses for Correct Expression Grouping,NM_SYN_02,0.0,0.6941860697615736,0.3123837313927081,TP,0.92
hybrid,taxonomy,openai/gpt-5.1:reasoning,Robles_Raymond_801158,Q4,NM_SYN_02,The Algebraic Syntax Machine,False,Algebra-Style Grouping Instead of Java Operator Precedence,NM_SYN_02,0.0,0.75932292526727,0.34169531637027145,TP,0.93
hybrid,taxonomy,google/gemini-2.5-flash-preview-09-2025:reasoning,Robles_Raymond_801158,Q4,NM_SYN_02,The Algebraic Syntax Machine,False,Algebraic Formula Literal Translation,NM_SYN_01,0.0,0.697723225195883,0.31397545133814736,FP_WRONG,1.0
hybrid,taxonomy,google/gemini-2.5-flash-preview-09-2025:reasoning,Robles_Raymond_801158,Q4,NM_SYN_02,The Algebraic Syntax Machine,False,,,0.0,0.0,0.0,FN,
hybrid,taxonomy,anthropic/claude-haiku-4.5:reasoning,Robles_Raymond_801158,Q4,NM_SYN_02,The Algebraic Syntax Machine,False,Algebraic Syntax Machine / Operator Precedence Misunderstanding,NM_SYN_02,0.0,0.7311713132400058,0.3290270909580026,TP,0.95
