strategy,model,student,question,expected_id,expected_category,is_clean,detected_name,matched_id,fuzzy_score,semantic_score,match_score,result,confidence
baseline,openai/gpt-5.1,Simon_Jeffrey_923974,Q3,NM_IO_01,The Anthropomorphic I/O Machine,False,,,0.0,0.0,0.0,FN,
baseline,google/gemini-2.5-flash-preview-09-2025,Simon_Jeffrey_923974,Q3,NM_IO_01,The Anthropomorphic I/O Machine,False,Input Variable Order Confusion,NM_STATE_01,0.3939393939393939,0.0,0.3939393939393939,FP_WRONG,1.0
baseline,google/gemini-2.5-flash-preview-09-2025,Simon_Jeffrey_923974,Q3,NM_IO_01,The Anthropomorphic I/O Machine,False,,,0.0,0.0,0.0,FN,
baseline,anthropic/claude-haiku-4.5,Simon_Jeffrey_923974,Q3,NM_IO_01,The Anthropomorphic I/O Machine,False,Input Order Misalignment with Prompt,NM_TYP_01,0.3870967741935484,0.0,0.3870967741935484,FP_WRONG,0.95
baseline,anthropic/claude-haiku-4.5,Simon_Jeffrey_923974,Q3,NM_IO_01,The Anthropomorphic I/O Machine,False,,,0.0,0.0,0.0,FN,
baseline,openai/gpt-5.1:reasoning,Simon_Jeffrey_923974,Q3,NM_IO_01,The Anthropomorphic I/O Machine,False,,,0.0,0.0,0.0,FN,
baseline,google/gemini-2.5-flash-preview-09-2025:reasoning,Simon_Jeffrey_923974,Q3,NM_IO_01,The Anthropomorphic I/O Machine,False,Input Order vs. Variable Assignment Mapping,NM_TYP_01,0.4057971014492754,0.0,0.4057971014492754,FP_WRONG,1.0
baseline,google/gemini-2.5-flash-preview-09-2025:reasoning,Simon_Jeffrey_923974,Q3,NM_IO_01,The Anthropomorphic I/O Machine,False,,,0.0,0.0,0.0,FN,
baseline,anthropic/claude-haiku-4.5:reasoning,Simon_Jeffrey_923974,Q3,NM_IO_01,The Anthropomorphic I/O Machine,False,Input Variable Assignment Order Confusion,NM_API_01,0.43333333333333335,0.0,0.43333333333333335,FP_WRONG,0.95
baseline,anthropic/claude-haiku-4.5:reasoning,Simon_Jeffrey_923974,Q3,NM_IO_01,The Anthropomorphic I/O Machine,False,,,0.0,0.0,0.0,FN,
baseline,openai/gpt-5.1,Adams_Maria_564451,Q3,NM_SYN_01,The Algebraic Syntax Machine,False,Using ^ as an exponent operator,NM_TYP_02,0.38596491228070173,0.0,0.38596491228070173,FP_WRONG,0.99
baseline,openai/gpt-5.1,Adams_Maria_564451,Q3,NM_SYN_01,The Algebraic Syntax Machine,False,,,0.0,0.0,0.0,FN,
baseline,google/gemini-2.5-flash-preview-09-2025,Adams_Maria_564451,Q3,NM_SYN_01,The Algebraic Syntax Machine,False,Bitwise XOR Misinterpreted as Exponentiation,NM_API_01,0.4444444444444444,0.0,0.4444444444444444,FP_WRONG,1.0
baseline,google/gemini-2.5-flash-preview-09-2025,Adams_Maria_564451,Q3,NM_SYN_01,The Algebraic Syntax Machine,False,,,0.0,0.0,0.0,FN,
baseline,anthropic/claude-haiku-4.5,Adams_Maria_564451,Q3,NM_SYN_01,The Algebraic Syntax Machine,False,Bitwise XOR Confused with Exponentiation,NM_API_01,0.3728813559322034,0.0,0.3728813559322034,FP_WRONG,0.99
baseline,anthropic/claude-haiku-4.5,Adams_Maria_564451,Q3,NM_SYN_01,The Algebraic Syntax Machine,False,,,0.0,0.0,0.0,FN,
baseline,openai/gpt-5.1:reasoning,Adams_Maria_564451,Q3,NM_SYN_01,The Algebraic Syntax Machine,False,Using '^' as exponentiation operator,NM_TYP_02,0.3870967741935484,0.0,0.3870967741935484,FP_WRONG,0.98
baseline,openai/gpt-5.1:reasoning,Adams_Maria_564451,Q3,NM_SYN_01,The Algebraic Syntax Machine,False,,,0.0,0.0,0.0,FN,
baseline,google/gemini-2.5-flash-preview-09-2025:reasoning,Adams_Maria_564451,Q3,NM_SYN_01,The Algebraic Syntax Machine,False,XOR Operator Misinterpretation as Exponentiation,NM_SYN_01,0.3333333333333333,0.0,0.3333333333333333,TP,1.0
baseline,anthropic/claude-haiku-4.5:reasoning,Adams_Maria_564451,Q3,NM_SYN_01,The Algebraic Syntax Machine,False,Exponentiation Operator Confusion,NM_TYP_02,0.3389830508474576,0.0,0.3389830508474576,FP_WRONG,0.95
baseline,anthropic/claude-haiku-4.5:reasoning,Adams_Maria_564451,Q3,NM_SYN_01,The Algebraic Syntax Machine,False,,,0.0,0.0,0.0,FN,
baseline,openai/gpt-5.1,Wright_Donna_588683,Q2,NM_IO_02,The Anthropomorphic I/O Machine,False,Input Value Lost Without Assignment,NM_API_01,0.4074074074074074,0.0,0.4074074074074074,FP_WRONG,0.93
baseline,openai/gpt-5.1,Wright_Donna_588683,Q2,NM_IO_02,The Anthropomorphic I/O Machine,False,,,0.0,0.0,0.0,FN,
baseline,google/gemini-2.5-flash-preview-09-2025,Wright_Donna_588683,Q2,NM_IO_02,The Anthropomorphic I/O Machine,False,Input Variable Storage Neglect,NM_TYP_01,0.35714285714285715,0.0,0.35714285714285715,FP_WRONG,1.0
baseline,google/gemini-2.5-flash-preview-09-2025,Wright_Donna_588683,Q2,NM_IO_02,The Anthropomorphic I/O Machine,False,Misplaced Variable Initialization,NM_STATE_01,0.4927536231884058,0.0,0.4927536231884058,FP_WRONG,0.9
baseline,google/gemini-2.5-flash-preview-09-2025,Wright_Donna_588683,Q2,NM_IO_02,The Anthropomorphic I/O Machine,False,,,0.0,0.0,0.0,FN,
baseline,anthropic/claude-haiku-4.5,Wright_Donna_588683,Q2,NM_IO_02,The Anthropomorphic I/O Machine,False,Variable Assignment Order Confusion,NM_TYP_02,0.4262295081967213,0.0,0.4262295081967213,FP_WRONG,0.99
baseline,anthropic/claude-haiku-4.5,Wright_Donna_588683,Q2,NM_IO_02,The Anthropomorphic I/O Machine,False,Return Value Semantics Misunderstanding,NM_IO_01,0.36666666666666664,0.0,0.36666666666666664,FP_WRONG,0.95
baseline,anthropic/claude-haiku-4.5,Wright_Donna_588683,Q2,NM_IO_02,The Anthropomorphic I/O Machine,False,,,0.0,0.0,0.0,FN,
baseline,openai/gpt-5.1:reasoning,Wright_Donna_588683,Q2,NM_IO_02,The Anthropomorphic I/O Machine,False,Ignoring user input and relying on hard-coded defaults,NM_TYP_02,0.375,0.0,0.375,FP_WRONG,0.9
baseline,openai/gpt-5.1:reasoning,Wright_Donna_588683,Q2,NM_IO_02,The Anthropomorphic I/O Machine,False,,,0.0,0.0,0.0,FN,
baseline,google/gemini-2.5-flash-preview-09-2025:reasoning,Wright_Donna_588683,Q2,NM_IO_02,The Anthropomorphic I/O Machine,False,Unstored Input Data,NM_SYN_02,0.358974358974359,0.0,0.358974358974359,FP_WRONG,1.0
baseline,google/gemini-2.5-flash-preview-09-2025:reasoning,Wright_Donna_588683,Q2,NM_IO_02,The Anthropomorphic I/O Machine,False,Redundant/Unnecessary Default Variable Initialization,NM_STATE_01,0.42696629213483145,0.0,0.42696629213483145,FP_WRONG,1.0
baseline,google/gemini-2.5-flash-preview-09-2025:reasoning,Wright_Donna_588683,Q2,NM_IO_02,The Anthropomorphic I/O Machine,False,,,0.0,0.0,0.0,FN,
baseline,anthropic/claude-haiku-4.5:reasoning,Wright_Donna_588683,Q2,NM_IO_02,The Anthropomorphic I/O Machine,False,Return Value Discard / Implicit Variable Capture,NM_STATE_01,0.3333333333333333,0.0,0.3333333333333333,FP_WRONG,0.98
baseline,anthropic/claude-haiku-4.5:reasoning,Wright_Donna_588683,Q2,NM_IO_02,The Anthropomorphic I/O Machine,False,,,0.0,0.0,0.0,FN,
baseline,openai/gpt-5.1,Adams_Maria_564451,Q2,NM_STATE_01,The Reactive State Machine,False,,,0.0,0.0,0.0,FN,
baseline,google/gemini-2.5-flash-preview-09-2025,Adams_Maria_564451,Q2,NM_STATE_01,The Reactive State Machine,False,Unintended Floating Point Arithmetic (NaN Generation),NM_TYP_02,0.35443037974683544,0.0,0.35443037974683544,FP_WRONG,0.95
baseline,google/gemini-2.5-flash-preview-09-2025,Adams_Maria_564451,Q2,NM_STATE_01,The Reactive State Machine,False,,,0.0,0.0,0.0,FN,
baseline,anthropic/claude-haiku-4.5,Adams_Maria_564451,Q2,NM_STATE_01,The Reactive State Machine,False,Dead Code / Unused Variable Initialization,NM_TYP_02,0.35294117647058826,0.0,0.35294117647058826,FP_WRONG,0.85
baseline,anthropic/claude-haiku-4.5,Adams_Maria_564451,Q2,NM_STATE_01,The Reactive State Machine,False,,,0.0,0.0,0.0,FN,
baseline,openai/gpt-5.1:reasoning,Adams_Maria_564451,Q2,NM_STATE_01,The Reactive State Machine,False,,,0.0,0.0,0.0,FN,
baseline,google/gemini-2.5-flash-preview-09-2025:reasoning,Adams_Maria_564451,Q2,NM_STATE_01,The Reactive State Machine,False,Unintended Variable Initialization and Use,NM_TYP_01,0.4117647058823529,0.0,0.4117647058823529,FP_WRONG,0.9
baseline,google/gemini-2.5-flash-preview-09-2025:reasoning,Adams_Maria_564451,Q2,NM_STATE_01,The Reactive State Machine,False,,,0.0,0.0,0.0,FN,
baseline,anthropic/claude-haiku-4.5:reasoning,Adams_Maria_564451,Q2,NM_STATE_01,The Reactive State Machine,False,,,0.0,0.0,0.0,FN,
baseline,openai/gpt-5.1,Miller_Emily_916799,Q2,NM_STATE_01,The Reactive State Machine,False,Variables as Live Formulas (Spreadsheet Mental Model),NM_STATE_01,0.38202247191011235,0.0,0.38202247191011235,TP,0.68
baseline,google/gemini-2.5-flash-preview-09-2025,Miller_Emily_916799,Q2,NM_STATE_01,The Reactive State Machine,False,Unnecessary Calculation and Unused State Management,NM_STATE_01,0.39080459770114945,0.0,0.39080459770114945,TP,0.95
baseline,anthropic/claude-haiku-4.5,Miller_Emily_916799,Q2,NM_STATE_01,The Reactive State Machine,False,Unused Code Retention and Irrelevant Problem Domain Knowledge,,0.2465753424657534,0.0,0.2465753424657534,FP_HALLUCINATION,0.85
baseline,anthropic/claude-haiku-4.5,Miller_Emily_916799,Q2,NM_STATE_01,The Reactive State Machine,False,Premature Variable Initialization with Placeholder Values,NM_STATE_01,0.3870967741935484,0.0,0.3870967741935484,TP,0.75
baseline,openai/gpt-5.1:reasoning,Miller_Emily_916799,Q2,NM_STATE_01,The Reactive State Machine,False,Automatic Formula Recalculation,NM_STATE_01,0.3880597014925373,0.0,0.3880597014925373,TP,0.65
baseline,google/gemini-2.5-flash-preview-09-2025:reasoning,Miller_Emily_916799,Q2,NM_STATE_01,The Reactive State Machine,False,Unnecessary Code Execution Leading to NaN/Infinity,NM_TYP_02,0.3684210526315789,0.0,0.3684210526315789,FP_WRONG,0.95
baseline,google/gemini-2.5-flash-preview-09-2025:reasoning,Miller_Emily_916799,Q2,NM_STATE_01,The Reactive State Machine,False,,,0.0,0.0,0.0,FN,
baseline,anthropic/claude-haiku-4.5:reasoning,Miller_Emily_916799,Q2,NM_STATE_01,The Reactive State Machine,False,,,0.0,0.0,0.0,FN,
baseline,google/gemini-2.5-flash-preview-09-2025:reasoning,Mitchell_Dakota_235991,Q4,,,True,Input Buffer Consumption Mismatch,NM_IO_01,0.5925925925925926,0.0,0.5925925925925926,FP_CLEAN,0.8
baseline,google/gemini-2.5-flash-preview-09-2025:reasoning,Mitchell_Dakota_235991,Q4,,,True,Unnecessary Type Conversion/Manual Floating Point Specification,NM_STATE_01,0.30303030303030304,0.0,0.30303030303030304,FP_CLEAN,0.6
baseline,openai/gpt-5.1,Robinson_David_819949,Q1,NM_SYN_02,The Algebraic Syntax Machine,False,Misunderstanding Operator Precedence in Arithmetic Expressions,NM_TYP_02,0.4090909090909091,0.0,0.4090909090909091,FP_WRONG,1.0
baseline,openai/gpt-5.1,Robinson_David_819949,Q1,NM_SYN_02,The Algebraic Syntax Machine,False,,,0.0,0.0,0.0,FN,
baseline,google/gemini-2.5-flash-preview-09-2025,Robinson_David_819949,Q1,NM_SYN_02,The Algebraic Syntax Machine,False,Operator Precedence Error,NM_SYN_02,0.5333333333333333,0.0,0.5333333333333333,TP,1.0
baseline,anthropic/claude-haiku-4.5,Robinson_David_819949,Q1,NM_SYN_02,The Algebraic Syntax Machine,False,Operator Precedence Misunderstanding,NM_SYN_02,0.5714285714285714,0.0,0.5714285714285714,TP,0.95
baseline,openai/gpt-5.1:reasoning,Robinson_David_819949,Q1,NM_SYN_02,The Algebraic Syntax Machine,False,Operator precedence / formula translation error,NM_SYN_02,0.417910447761194,0.0,0.417910447761194,TP,0.9
baseline,google/gemini-2.5-flash-preview-09-2025:reasoning,Robinson_David_819949,Q1,NM_SYN_02,The Algebraic Syntax Machine,False,PEMDAS/Operator Precedence Failure,NM_SYN_02,0.48148148148148145,0.0,0.48148148148148145,TP,1.0
baseline,anthropic/claude-haiku-4.5:reasoning,Robinson_David_819949,Q1,NM_SYN_02,The Algebraic Syntax Machine,False,Operator Precedence Misunderstanding in Formula Translation,NM_SYN_02,0.43037974683544306,0.0,0.43037974683544306,TP,0.98
baseline,openai/gpt-5.1,Wright_Donna_588683,Q4,NM_TYP_01,The Fluid Type Machine,False,Belief that using double later fixes integer truncation,NM_TYP_02,0.345679012345679,0.0,0.345679012345679,FP_WRONG,0.97
baseline,openai/gpt-5.1,Wright_Donna_588683,Q4,NM_TYP_01,The Fluid Type Machine,False,,,0.0,0.0,0.0,FN,
baseline,google/gemini-2.5-flash-preview-09-2025,Wright_Donna_588683,Q4,NM_TYP_01,The Fluid Type Machine,False,Premature Type Coercion and Precision Loss,NM_TYP_01,0.38235294117647056,0.0,0.38235294117647056,TP,1.0
baseline,google/gemini-2.5-flash-preview-09-2025,Wright_Donna_588683,Q4,NM_TYP_01,The Fluid Type Machine,False,Persistence of Integer Division Artifacts,NM_TYP_01,0.5671641791044776,0.0,0.5671641791044776,TP,1.0
baseline,anthropic/claude-haiku-4.5,Wright_Donna_588683,Q4,NM_TYP_01,The Fluid Type Machine,False,Inappropriate Type Casting and Precision Loss,NM_TYP_02,0.4507042253521127,0.0,0.4507042253521127,FP_WRONG,0.95
baseline,anthropic/claude-haiku-4.5,Wright_Donna_588683,Q4,NM_TYP_01,The Fluid Type Machine,False,Integer Division Truncation in Semi-perimeter Calculation,NM_TYP_01,0.4819277108433735,0.0,0.4819277108433735,TP,0.92
baseline,anthropic/claude-haiku-4.5,Wright_Donna_588683,Q4,NM_TYP_01,The Fluid Type Machine,False,Misunderstanding of Return Type Constraints,NM_TYP_02,0.3188405797101449,0.0,0.3188405797101449,FP_WRONG,0.9
baseline,openai/gpt-5.1:reasoning,Wright_Donna_588683,Q4,NM_TYP_01,The Fluid Type Machine,False,Belief that integer arithmetic and casting wonâ€™t harm numeric precision,NM_TYP_02,0.3711340206185567,0.0,0.3711340206185567,FP_WRONG,0.97
baseline,openai/gpt-5.1:reasoning,Wright_Donna_588683,Q4,NM_TYP_01,The Fluid Type Machine,False,,,0.0,0.0,0.0,FN,
baseline,google/gemini-2.5-flash-preview-09-2025:reasoning,Wright_Donna_588683,Q4,NM_TYP_01,The Fluid Type Machine,False,Inappropriate Type Casting and Precision Loss in Calculations,NM_STATE_01,0.3917525773195876,0.0,0.3917525773195876,FP_WRONG,1.0
baseline,google/gemini-2.5-flash-preview-09-2025:reasoning,Wright_Donna_588683,Q4,NM_TYP_01,The Fluid Type Machine,False,,,0.0,0.0,0.0,FN,
baseline,anthropic/claude-haiku-4.5:reasoning,Wright_Donna_588683,Q4,NM_TYP_01,The Fluid Type Machine,False,Casting Floating-Point Results to Integer Precision Loss,NM_TYP_01,0.4146341463414634,0.0,0.4146341463414634,TP,0.95
baseline,anthropic/claude-haiku-4.5:reasoning,Wright_Donna_588683,Q4,NM_TYP_01,The Fluid Type Machine,False,Integer Division Precision Loss with Later Type Promotion,NM_TYP_01,0.4819277108433735,0.0,0.4819277108433735,TP,0.92
baseline,google/gemini-2.5-flash-preview-09-2025:reasoning,Adams_Maria_564451,Q4,,,True,Input Handling for Multiple Values on Single Line,NM_TYP_02,0.3466666666666667,0.0,0.3466666666666667,FP_CLEAN,0.8
baseline,google/gemini-2.5-flash-preview-09-2025:reasoning,Simon_Jeffrey_923974,Q4,,,True,Input Buffer Reading Misinterpretation,NM_STATE_01,0.3783783783783784,0.0,0.3783783783783784,FP_CLEAN,0.8
baseline,google/gemini-2.5-flash-preview-09-2025:reasoning,Miller_Emily_916799,Q4,,,True,Input Handling Misalignment with Prompt,NM_TYP_02,0.3076923076923077,0.0,0.3076923076923077,FP_CLEAN,0.9
baseline,google/gemini-2.5-flash-preview-09-2025:reasoning,Montgomery_Roberta_641525,Q4,,,True,Input Processing for Multiple Values,,0.25806451612903225,0.0,0.25806451612903225,FP_CLEAN,0.95
baseline,openai/gpt-5.1,Robinson_David_819949,Q2,NM_STATE_01,The Reactive State Machine,False,Automatic Recalculation of Variables,NM_STATE_01,0.3611111111111111,0.0,0.3611111111111111,TP,0.96
baseline,google/gemini-2.5-flash-preview-09-2025,Robinson_David_819949,Q2,NM_STATE_01,The Reactive State Machine,False,Premature Calculation / Stale Variable Usage,NM_STATE_01,0.45,0.0,0.45,TP,1.0
baseline,anthropic/claude-haiku-4.5,Robinson_David_819949,Q2,NM_STATE_01,The Reactive State Machine,False,Premature Variable Usage Before Assignment,NM_API_01,0.36065573770491804,0.0,0.36065573770491804,FP_WRONG,0.95
baseline,anthropic/claude-haiku-4.5,Robinson_David_819949,Q2,NM_STATE_01,The Reactive State Machine,False,,,0.0,0.0,0.0,FN,
baseline,openai/gpt-5.1:reasoning,Robinson_David_819949,Q2,NM_STATE_01,The Reactive State Machine,False,Spreadsheet-style automatic formula recomputation,NM_STATE_01,0.5176470588235295,0.0,0.5176470588235295,TP,0.94
baseline,google/gemini-2.5-flash-preview-09-2025:reasoning,Robinson_David_819949,Q2,NM_STATE_01,The Reactive State Machine,False,Static Evaluation of Expressions,NM_STATE_01,0.35294117647058826,0.0,0.35294117647058826,TP,1.0
baseline,anthropic/claude-haiku-4.5:reasoning,Robinson_David_819949,Q2,NM_STATE_01,The Reactive State Machine,False,Sequential Execution and Variable State Timeline,NM_TYP_01,0.32432432432432434,0.0,0.32432432432432434,FP_WRONG,0.99
baseline,anthropic/claude-haiku-4.5:reasoning,Robinson_David_819949,Q2,NM_STATE_01,The Reactive State Machine,False,,,0.0,0.0,0.0,FN,
baseline,openai/gpt-5.1,Robinson_David_819949,Q4,NM_TYP_01,The Fluid Type Machine,False,Using integer arithmetic for inherently real-valued geometry,NM_TYP_01,0.32558139534883723,0.0,0.32558139534883723,TP,0.96
baseline,google/gemini-2.5-flash-preview-09-2025,Robinson_David_819949,Q4,NM_TYP_01,The Fluid Type Machine,False,Premature Type Coercion and Precision Loss,NM_TYP_01,0.38235294117647056,0.0,0.38235294117647056,TP,1.0
baseline,google/gemini-2.5-flash-preview-09-2025,Robinson_David_819949,Q4,NM_TYP_01,The Fluid Type Machine,False,Integer Division Misapplication in Formula,NM_TYP_01,0.6176470588235294,0.0,0.6176470588235294,TP,1.0
baseline,anthropic/claude-haiku-4.5,Robinson_David_819949,Q4,NM_TYP_01,The Fluid Type Machine,False,Premature Integer Casting of Floating-Point Results,NM_TYP_01,0.38961038961038963,0.0,0.38961038961038963,TP,0.95
baseline,anthropic/claude-haiku-4.5,Robinson_David_819949,Q4,NM_TYP_01,The Fluid Type Machine,False,Integer Division in Semi-Perimeter Calculation,NM_TYP_01,0.5555555555555556,0.0,0.5555555555555556,TP,0.85
baseline,openai/gpt-5.1:reasoning,Robinson_David_819949,Q4,NM_TYP_01,The Fluid Type Machine,False,Discarding fractional distances via int cast,NM_TYP_01,0.34285714285714286,0.0,0.34285714285714286,TP,0.94
baseline,openai/gpt-5.1:reasoning,Robinson_David_819949,Q4,NM_TYP_01,The Fluid Type Machine,False,Assuming integer division behaves like real division,NM_TYP_01,0.5384615384615384,0.0,0.5384615384615384,TP,0.9
baseline,google/gemini-2.5-flash-preview-09-2025:reasoning,Robinson_David_819949,Q4,NM_TYP_01,The Fluid Type Machine,False,Inaccurate Floating Point to Integer Assignment/Truncation,NM_TYP_02,0.40476190476190477,0.0,0.40476190476190477,FP_WRONG,1.0
baseline,google/gemini-2.5-flash-preview-09-2025:reasoning,Robinson_David_819949,Q4,NM_TYP_01,The Fluid Type Machine,False,Integer Division in Formulaic Calculation,NM_TYP_01,0.5970149253731343,0.0,0.5970149253731343,TP,0.9
baseline,anthropic/claude-haiku-4.5:reasoning,Robinson_David_819949,Q4,NM_TYP_01,The Fluid Type Machine,False,Premature Type Casting Loses Precision,NM_TYP_02,0.46875,0.0,0.46875,FP_WRONG,0.95
baseline,anthropic/claude-haiku-4.5:reasoning,Robinson_David_819949,Q4,NM_TYP_01,The Fluid Type Machine,False,Integer Division Instead of Floating-Point Division,NM_TYP_01,0.5454545454545454,0.0,0.5454545454545454,TP,0.92
baseline,openai/gpt-5.1,Robles_Raymond_801158,Q4,NM_SYN_02,The Algebraic Syntax Machine,False,Misunderstanding of distance formula and operator precedence,NM_TYP_01,0.32558139534883723,0.0,0.32558139534883723,FP_WRONG,0.96
baseline,openai/gpt-5.1,Robles_Raymond_801158,Q4,NM_SYN_02,The Algebraic Syntax Machine,False,,,0.0,0.0,0.0,FN,
baseline,google/gemini-2.5-flash-preview-09-2025,Robles_Raymond_801158,Q4,NM_SYN_02,The Algebraic Syntax Machine,False,Operator Precedence Failure in Squaring,NM_SYN_02,0.5084745762711864,0.0,0.5084745762711864,TP,1.0
baseline,anthropic/claude-haiku-4.5,Robles_Raymond_801158,Q4,NM_SYN_02,The Algebraic Syntax Machine,False,Operator Precedence Misunderstanding,NM_SYN_02,0.5714285714285714,0.0,0.5714285714285714,TP,0.95
baseline,anthropic/claude-haiku-4.5,Robles_Raymond_801158,Q4,NM_SYN_02,The Algebraic Syntax Machine,False,Distance Formula Implementation Error,NM_API_01,0.39285714285714285,0.0,0.39285714285714285,FP_WRONG,0.98
baseline,openai/gpt-5.1:reasoning,Robles_Raymond_801158,Q4,NM_SYN_02,The Algebraic Syntax Machine,False,Mis-encoding distance formula using operators and precedence,NM_TYP_01,0.3023255813953488,0.0,0.3023255813953488,FP_WRONG,0.96
baseline,openai/gpt-5.1:reasoning,Robles_Raymond_801158,Q4,NM_SYN_02,The Algebraic Syntax Machine,False,,,0.0,0.0,0.0,FN,
baseline,google/gemini-2.5-flash-preview-09-2025:reasoning,Robles_Raymond_801158,Q4,NM_SYN_02,The Algebraic Syntax Machine,False,Operator Precedence Confusion in Distance Formula,NM_SYN_02,0.43478260869565216,0.0,0.43478260869565216,TP,1.0
baseline,anthropic/claude-haiku-4.5:reasoning,Robles_Raymond_801158,Q4,NM_SYN_02,The Algebraic Syntax Machine,False,Incorrect Distance Formula with Operator Precedence Misunderstanding,NM_SYN_02,0.36363636363636365,0.0,0.36363636363636365,TP,0.95
cot,openai/gpt-5.1,Simon_Jeffrey_923974,Q3,NM_IO_01,The Anthropomorphic I/O Machine,False,Input Prompt vs Variable Binding Confusion,NM_STATE_01,0.38461538461538464,0.0,0.38461538461538464,FP_WRONG,0.74
cot,openai/gpt-5.1,Simon_Jeffrey_923974,Q3,NM_IO_01,The Anthropomorphic I/O Machine,False,,,0.0,0.0,0.0,FN,
cot,google/gemini-2.5-flash-preview-09-2025,Simon_Jeffrey_923974,Q3,NM_IO_01,The Anthropomorphic I/O Machine,False,Sequential Input Assignment Confusion,NM_API_01,0.39285714285714285,0.0,0.39285714285714285,FP_WRONG,1.0
cot,google/gemini-2.5-flash-preview-09-2025,Simon_Jeffrey_923974,Q3,NM_IO_01,The Anthropomorphic I/O Machine,False,,,0.0,0.0,0.0,FN,
cot,anthropic/claude-haiku-4.5,Simon_Jeffrey_923974,Q3,NM_IO_01,The Anthropomorphic I/O Machine,False,Input-Variable Assignment Mismatch,NM_IO_01,0.4727272727272727,0.0,0.4727272727272727,TP,0.95
cot,openai/gpt-5.1:reasoning,Simon_Jeffrey_923974,Q3,NM_IO_01,The Anthropomorphic I/O Machine,False,Input Order vs Variable Association,NM_API_01,0.48148148148148145,0.0,0.48148148148148145,FP_WRONG,0.9
cot,openai/gpt-5.1:reasoning,Simon_Jeffrey_923974,Q3,NM_IO_01,The Anthropomorphic I/O Machine,False,,,0.0,0.0,0.0,FN,
cot,google/gemini-2.5-flash-preview-09-2025:reasoning,Simon_Jeffrey_923974,Q3,NM_IO_01,The Anthropomorphic I/O Machine,False,Variable Assignment Order based on Prompt Text,NM_TYP_01,0.3055555555555556,0.0,0.3055555555555556,FP_WRONG,1.0
cot,google/gemini-2.5-flash-preview-09-2025:reasoning,Simon_Jeffrey_923974,Q3,NM_IO_01,The Anthropomorphic I/O Machine,False,,,0.0,0.0,0.0,FN,
cot,anthropic/claude-haiku-4.5:reasoning,Simon_Jeffrey_923974,Q3,NM_IO_01,The Anthropomorphic I/O Machine,False,Input Order Confusion,NM_TYP_01,0.425531914893617,0.0,0.425531914893617,FP_WRONG,0.92
cot,anthropic/claude-haiku-4.5:reasoning,Simon_Jeffrey_923974,Q3,NM_IO_01,The Anthropomorphic I/O Machine,False,,,0.0,0.0,0.0,FN,
cot,openai/gpt-5.1,Adams_Maria_564451,Q3,NM_SYN_01,The Algebraic Syntax Machine,False,Using ^ as an exponentiation operator,NM_TYP_02,0.4126984126984127,0.0,0.4126984126984127,FP_WRONG,1.0
cot,openai/gpt-5.1,Adams_Maria_564451,Q3,NM_SYN_01,The Algebraic Syntax Machine,False,,,0.0,0.0,0.0,FN,
cot,google/gemini-2.5-flash-preview-09-2025,Adams_Maria_564451,Q3,NM_SYN_01,The Algebraic Syntax Machine,False,Bitwise Operator Misinterpretation for Exponentiation,,0.27848101265822783,0.0,0.27848101265822783,FP_HALLUCINATION,1.0
cot,google/gemini-2.5-flash-preview-09-2025,Adams_Maria_564451,Q3,NM_SYN_01,The Algebraic Syntax Machine,False,,,0.0,0.0,0.0,FN,
cot,anthropic/claude-haiku-4.5,Adams_Maria_564451,Q3,NM_SYN_01,The Algebraic Syntax Machine,False,Exponentiation Operator Confusion,NM_TYP_02,0.3389830508474576,0.0,0.3389830508474576,FP_WRONG,0.99
cot,anthropic/claude-haiku-4.5,Adams_Maria_564451,Q3,NM_SYN_01,The Algebraic Syntax Machine,False,,,0.0,0.0,0.0,FN,
cot,openai/gpt-5.1:reasoning,Adams_Maria_564451,Q3,NM_SYN_01,The Algebraic Syntax Machine,False,Using ^ as an exponentiation operator,NM_TYP_02,0.4126984126984127,0.0,0.4126984126984127,FP_WRONG,0.99
cot,openai/gpt-5.1:reasoning,Adams_Maria_564451,Q3,NM_SYN_01,The Algebraic Syntax Machine,False,,,0.0,0.0,0.0,FN,
cot,google/gemini-2.5-flash-preview-09-2025:reasoning,Adams_Maria_564451,Q3,NM_SYN_01,The Algebraic Syntax Machine,False,Bitwise XOR for Exponentiation,NM_API_01,0.40816326530612246,0.0,0.40816326530612246,FP_WRONG,1.0
cot,google/gemini-2.5-flash-preview-09-2025:reasoning,Adams_Maria_564451,Q3,NM_SYN_01,The Algebraic Syntax Machine,False,,,0.0,0.0,0.0,FN,
cot,anthropic/claude-haiku-4.5:reasoning,Adams_Maria_564451,Q3,NM_SYN_01,The Algebraic Syntax Machine,False,Misidentification of the Exponentiation Operator,,0.2391304347826087,0.0,0.2391304347826087,FP_HALLUCINATION,0.99
cot,anthropic/claude-haiku-4.5:reasoning,Adams_Maria_564451,Q3,NM_SYN_01,The Algebraic Syntax Machine,False,,,0.0,0.0,0.0,FN,
cot,openai/gpt-5.1,Wright_Donna_588683,Q2,NM_IO_02,The Anthropomorphic I/O Machine,False,Ignoring input return values,NM_TYP_02,0.37037037037037035,0.0,0.37037037037037035,FP_WRONG,0.78
cot,openai/gpt-5.1,Wright_Donna_588683,Q2,NM_IO_02,The Anthropomorphic I/O Machine,False,,,0.0,0.0,0.0,FN,
cot,google/gemini-2.5-flash-preview-09-2025,Wright_Donna_588683,Q2,NM_IO_02,The Anthropomorphic I/O Machine,False,Discarded Function Return Value (Missing Assignment),NM_TYP_02,0.3076923076923077,0.0,0.3076923076923077,FP_WRONG,1.0
cot,google/gemini-2.5-flash-preview-09-2025,Wright_Donna_588683,Q2,NM_IO_02,The Anthropomorphic I/O Machine,False,Calculation Using Hardcoded Defaults Instead of Input,NM_TYP_02,0.35443037974683544,0.0,0.35443037974683544,FP_WRONG,1.0
cot,google/gemini-2.5-flash-preview-09-2025,Wright_Donna_588683,Q2,NM_IO_02,The Anthropomorphic I/O Machine,False,,,0.0,0.0,0.0,FN,
cot,anthropic/claude-haiku-4.5,Wright_Donna_588683,Q2,NM_IO_02,The Anthropomorphic I/O Machine,False,Input Values Not Stored in Variables,NM_TYP_02,0.41935483870967744,0.0,0.41935483870967744,FP_WRONG,0.95
cot,anthropic/claude-haiku-4.5,Wright_Donna_588683,Q2,NM_IO_02,The Anthropomorphic I/O Machine,False,Hardcoded Values Override User Input,,0.2909090909090909,0.0,0.2909090909090909,FP_HALLUCINATION,0.95
cot,anthropic/claude-haiku-4.5,Wright_Donna_588683,Q2,NM_IO_02,The Anthropomorphic I/O Machine,False,,,0.0,0.0,0.0,FN,
cot,openai/gpt-5.1:reasoning,Wright_Donna_588683,Q2,NM_IO_02,The Anthropomorphic I/O Machine,False,Ignoring Returned Input Values,NM_TYP_02,0.4642857142857143,0.0,0.4642857142857143,FP_WRONG,0.95
cot,openai/gpt-5.1:reasoning,Wright_Donna_588683,Q2,NM_IO_02,The Anthropomorphic I/O Machine,False,Overwriting User Input with Hard-Coded Defaults,NM_TYP_02,0.3561643835616438,0.0,0.3561643835616438,FP_WRONG,0.8
cot,openai/gpt-5.1:reasoning,Wright_Donna_588683,Q2,NM_IO_02,The Anthropomorphic I/O Machine,False,,,0.0,0.0,0.0,FN,
cot,google/gemini-2.5-flash-preview-09-2025:reasoning,Wright_Donna_588683,Q2,NM_IO_02,The Anthropomorphic I/O Machine,False,Input Value Assignment Bypass,NM_API_01,0.375,0.0,0.375,FP_WRONG,1.0
cot,google/gemini-2.5-flash-preview-09-2025:reasoning,Wright_Donna_588683,Q2,NM_IO_02,The Anthropomorphic I/O Machine,False,Variable Initialization Overriding Input,NM_TYP_01,0.3333333333333333,0.0,0.3333333333333333,FP_WRONG,0.95
cot,google/gemini-2.5-flash-preview-09-2025:reasoning,Wright_Donna_588683,Q2,NM_IO_02,The Anthropomorphic I/O Machine,False,,,0.0,0.0,0.0,FN,
cot,anthropic/claude-haiku-4.5:reasoning,Wright_Donna_588683,Q2,NM_IO_02,The Anthropomorphic I/O Machine,False,Discarded Input Values / Missing Variable Assignment,NM_IO_01,0.3013698630136986,0.0,0.3013698630136986,FP_WRONG,0.95
cot,anthropic/claude-haiku-4.5:reasoning,Wright_Donna_588683,Q2,NM_IO_02,The Anthropomorphic I/O Machine,False,,,0.0,0.0,0.0,FN,
cot,openai/gpt-5.1,Adams_Maria_564451,Q2,NM_STATE_01,The Reactive State Machine,False,,,0.0,0.0,0.0,FN,
cot,google/gemini-2.5-flash-preview-09-2025,Adams_Maria_564451,Q2,NM_STATE_01,The Reactive State Machine,False,Tolerating Unintended Floating Point State (NaN Generation),NM_STATE_01,0.35789473684210527,0.0,0.35789473684210527,TP,0.95
cot,anthropic/claude-haiku-4.5,Adams_Maria_564451,Q2,NM_STATE_01,The Reactive State Machine,False,Problem Domain Confusion with Dead Code,NM_TYP_01,0.36923076923076925,0.0,0.36923076923076925,FP_WRONG,0.85
cot,anthropic/claude-haiku-4.5,Adams_Maria_564451,Q2,NM_STATE_01,The Reactive State Machine,False,,,0.0,0.0,0.0,FN,
cot,openai/gpt-5.1:reasoning,Adams_Maria_564451,Q2,NM_STATE_01,The Reactive State Machine,False,,,0.0,0.0,0.0,FN,
cot,google/gemini-2.5-flash-preview-09-2025:reasoning,Adams_Maria_564451,Q2,NM_STATE_01,The Reactive State Machine,False,Inclusion of Unnecessary/Placeholder Physics Variables,NM_TYP_01,0.3,0.0,0.3,FP_WRONG,0.95
cot,google/gemini-2.5-flash-preview-09-2025:reasoning,Adams_Maria_564451,Q2,NM_STATE_01,The Reactive State Machine,False,,,0.0,0.0,0.0,FN,
cot,anthropic/claude-haiku-4.5:reasoning,Adams_Maria_564451,Q2,NM_STATE_01,The Reactive State Machine,False,Dead Code and Unused Division by Zero,NM_TYP_01,0.4444444444444444,0.0,0.4444444444444444,FP_WRONG,0.4
cot,anthropic/claude-haiku-4.5:reasoning,Adams_Maria_564451,Q2,NM_STATE_01,The Reactive State Machine,False,,,0.0,0.0,0.0,FN,
cot,openai/gpt-5.1,Miller_Emily_916799,Q2,NM_STATE_01,The Reactive State Machine,False,Treating assignment as a reusable formula definition,NM_TYP_02,0.41025641025641024,0.0,0.41025641025641024,FP_WRONG,0.78
cot,openai/gpt-5.1,Miller_Emily_916799,Q2,NM_STATE_01,The Reactive State Machine,False,,,0.0,0.0,0.0,FN,
cot,google/gemini-2.5-flash-preview-09-2025,Miller_Emily_916799,Q2,NM_STATE_01,The Reactive State Machine,False,Dead Code/Uninitialized Calculation,NM_STATE_01,0.5352112676056338,0.0,0.5352112676056338,TP,0.95
cot,anthropic/claude-haiku-4.5,Miller_Emily_916799,Q2,NM_STATE_01,The Reactive State Machine,False,Dead Code from Problem Confusion,NM_SYN_02,0.34615384615384615,0.0,0.34615384615384615,FP_WRONG,0.85
cot,anthropic/claude-haiku-4.5,Miller_Emily_916799,Q2,NM_STATE_01,The Reactive State Machine,False,,,0.0,0.0,0.0,FN,
cot,openai/gpt-5.1:reasoning,Miller_Emily_916799,Q2,NM_STATE_01,The Reactive State Machine,False,Automatic formula updating between variables,NM_TYP_02,0.34285714285714286,0.0,0.34285714285714286,FP_WRONG,0.69
cot,openai/gpt-5.1:reasoning,Miller_Emily_916799,Q2,NM_STATE_01,The Reactive State Machine,False,,,0.0,0.0,0.0,FN,
cot,google/gemini-2.5-flash-preview-09-2025:reasoning,Miller_Emily_916799,Q2,NM_STATE_01,The Reactive State Machine,False,Unintended Variable Initialization and Use,NM_TYP_01,0.4117647058823529,0.0,0.4117647058823529,FP_WRONG,0.95
cot,google/gemini-2.5-flash-preview-09-2025:reasoning,Miller_Emily_916799,Q2,NM_STATE_01,The Reactive State Machine,False,,,0.0,0.0,0.0,FN,
cot,anthropic/claude-haiku-4.5:reasoning,Miller_Emily_916799,Q2,NM_STATE_01,The Reactive State Machine,False,,,0.0,0.0,0.0,FN,
cot,google/gemini-2.5-flash-preview-09-2025:reasoning,Mitchell_Dakota_235991,Q4,,,True,Scanner Reading Order and Delimiter Misinterpretation,NM_TYP_02,0.43037974683544306,0.0,0.43037974683544306,FP_CLEAN,0.95
cot,openai/gpt-5.1,Robinson_David_819949,Q1,NM_SYN_02,The Algebraic Syntax Machine,False,Operator Precedence Misunderstanding in Arithmetic Expressions,NM_SYN_02,0.43902439024390244,0.0,0.43902439024390244,TP,0.99
cot,google/gemini-2.5-flash-preview-09-2025,Robinson_David_819949,Q1,NM_SYN_02,The Algebraic Syntax Machine,False,Arithmetic Operator Precedence,NM_SYN_02,0.4,0.0,0.4,TP,1.0
cot,anthropic/claude-haiku-4.5,Robinson_David_819949,Q1,NM_SYN_02,The Algebraic Syntax Machine,False,Operator Precedence Misunderstanding,NM_SYN_02,0.5714285714285714,0.0,0.5714285714285714,TP,0.99
cot,openai/gpt-5.1:reasoning,Robinson_David_819949,Q1,NM_SYN_02,The Algebraic Syntax Machine,False,Operator Precedence Misunderstanding in Arithmetic Expressions,NM_SYN_02,0.43902439024390244,0.0,0.43902439024390244,TP,0.98
cot,google/gemini-2.5-flash-preview-09-2025:reasoning,Robinson_David_819949,Q1,NM_SYN_02,The Algebraic Syntax Machine,False,Mathematical Operator Precedence Ignorance,NM_SYN_02,0.4838709677419355,0.0,0.4838709677419355,TP,1.0
cot,anthropic/claude-haiku-4.5:reasoning,Robinson_David_819949,Q1,NM_SYN_02,The Algebraic Syntax Machine,False,Operator Precedence Misunderstanding,NM_SYN_02,0.5714285714285714,0.0,0.5714285714285714,TP,0.99
cot,openai/gpt-5.1,Wright_Donna_588683,Q4,NM_TYP_01,The Fluid Type Machine,False,Belief that integer truncation in distance is harmless,NM_TYP_01,0.475,0.0,0.475,TP,0.96
cot,openai/gpt-5.1,Wright_Donna_588683,Q4,NM_TYP_01,The Fluid Type Machine,False,Misunderstanding of integer division and irrecoverable precision loss,NM_TYP_01,0.4631578947368421,0.0,0.4631578947368421,TP,0.97
cot,google/gemini-2.5-flash-preview-09-2025,Wright_Donna_588683,Q4,NM_TYP_01,The Fluid Type Machine,False,Premature Casting and Precision Loss in Helper Function,NM_TYP_02,0.3950617283950617,0.0,0.3950617283950617,FP_WRONG,1.0
cot,google/gemini-2.5-flash-preview-09-2025,Wright_Donna_588683,Q4,NM_TYP_01,The Fluid Type Machine,False,Wishful Thinking about Delayed Data Type Promotion (Integer Division),NM_TYP_02,0.4,0.0,0.4,FP_WRONG,1.0
cot,google/gemini-2.5-flash-preview-09-2025,Wright_Donna_588683,Q4,NM_TYP_01,The Fluid Type Machine,False,,,0.0,0.0,0.0,FN,
cot,anthropic/claude-haiku-4.5,Wright_Donna_588683,Q4,NM_TYP_01,The Fluid Type Machine,False,Data Loss Through Premature Integer Casting,NM_TYP_02,0.37681159420289856,0.0,0.37681159420289856,FP_WRONG,0.95
cot,anthropic/claude-haiku-4.5,Wright_Donna_588683,Q4,NM_TYP_01,The Fluid Type Machine,False,Integer Division Finality,NM_TYP_01,0.7450980392156863,0.0,0.7450980392156863,TP,0.92
cot,anthropic/claude-haiku-4.5,Wright_Donna_588683,Q4,NM_TYP_01,The Fluid Type Machine,False,Misunderstanding of Type Promotion in Expressions,NM_TYP_02,0.4,0.0,0.4,FP_WRONG,0.88
cot,openai/gpt-5.1:reasoning,Wright_Donna_588683,Q4,NM_TYP_01,The Fluid Type Machine,False,Belief that lost decimal precision can be recovered later by using double,NM_TYP_01,0.3434343434343434,0.0,0.3434343434343434,TP,0.96
cot,openai/gpt-5.1:reasoning,Wright_Donna_588683,Q4,NM_TYP_01,The Fluid Type Machine,False,Assuming casting distance to int is harmless for geometric calculations,NM_STATE_01,0.411214953271028,0.0,0.411214953271028,FP_WRONG,0.94
cot,google/gemini-2.5-flash-preview-09-2025:reasoning,Wright_Donna_588683,Q4,NM_TYP_01,The Fluid Type Machine,False,Inexact Floating Point to Integer Loss,NM_TYP_02,0.40625,0.0,0.40625,FP_WRONG,1.0
cot,google/gemini-2.5-flash-preview-09-2025:reasoning,Wright_Donna_588683,Q4,NM_TYP_01,The Fluid Type Machine,False,Integer Arithmetic Dominance,NM_TYP_01,0.5555555555555556,0.0,0.5555555555555556,TP,0.9
cot,anthropic/claude-haiku-4.5:reasoning,Wright_Donna_588683,Q4,NM_TYP_01,The Fluid Type Machine,False,Loss of Precision in Type Casting,NM_SYN_02,0.37735849056603776,0.0,0.37735849056603776,FP_WRONG,0.95
cot,anthropic/claude-haiku-4.5:reasoning,Wright_Donna_588683,Q4,NM_TYP_01,The Fluid Type Machine,False,Integer Division Irreversibility Misconception,NM_TYP_01,0.5833333333333334,0.0,0.5833333333333334,TP,0.98
cot,anthropic/claude-haiku-4.5:reasoning,Wright_Donna_588683,Q4,NM_TYP_01,The Fluid Type Machine,False,Inappropriate Integer Type for Continuous Measurements,NM_TYP_01,0.35,0.0,0.35,TP,0.92
cot,google/gemini-2.5-flash-preview-09-2025:reasoning,Simon_Jeffrey_923974,Q4,,,True,Input Handling Based on Prompt Structure,NM_TYP_02,0.3333333333333333,0.0,0.3333333333333333,FP_CLEAN,0.1
cot,google/gemini-2.5-flash-preview-09-2025:reasoning,Miller_Emily_916799,Q4,,,True,Input Handling with Scanner Ambiguity,NM_TYP_01,0.31746031746031744,0.0,0.31746031746031744,FP_CLEAN,0.85
cot,google/gemini-2.5-flash-preview-09-2025:reasoning,Montgomery_Roberta_641525,Q4,,,True,Input Buffer Read Misunderstanding,NM_TYP_01,0.43333333333333335,0.0,0.43333333333333335,FP_CLEAN,0.8
cot,google/gemini-2.5-flash-preview-09-2025,Barnett_Brian_387332,Q4,,,True,Input Prompting Mismatch for Multiple Scans,NM_IO_01,0.5,0.0,0.5,FP_CLEAN,0.9
cot,openai/gpt-5.1,Robinson_David_819949,Q2,NM_STATE_01,The Reactive State Machine,False,Assuming variables auto-update from their defining expression,NM_TYP_02,0.3448275862068966,0.0,0.3448275862068966,FP_WRONG,0.95
cot,openai/gpt-5.1,Robinson_David_819949,Q2,NM_STATE_01,The Reactive State Machine,False,,,0.0,0.0,0.0,FN,
cot,google/gemini-2.5-flash-preview-09-2025,Robinson_David_819949,Q2,NM_STATE_01,The Reactive State Machine,False,Passive Variable Recalculation,NM_STATE_01,0.6363636363636364,0.0,0.6363636363636364,TP,1.0
cot,anthropic/claude-haiku-4.5,Robinson_David_819949,Q2,NM_STATE_01,The Reactive State Machine,False,Premature Calculation / Variable Declaration Timing,NM_STATE_01,0.41379310344827586,0.0,0.41379310344827586,TP,0.98
cot,openai/gpt-5.1:reasoning,Robinson_David_819949,Q2,NM_STATE_01,The Reactive State Machine,False,Automatic Recalculation of Dependent Variables,NM_SYN_02,0.36363636363636365,0.0,0.36363636363636365,FP_WRONG,0.98
cot,openai/gpt-5.1:reasoning,Robinson_David_819949,Q2,NM_STATE_01,The Reactive State Machine,False,,,0.0,0.0,0.0,FN,
cot,google/gemini-2.5-flash-preview-09-2025:reasoning,Robinson_David_819949,Q2,NM_STATE_01,The Reactive State Machine,False,Non-Reevaluation of Assigned Variables (One-time Assignment),,0.2708333333333333,0.0,0.2708333333333333,FP_HALLUCINATION,1.0
cot,google/gemini-2.5-flash-preview-09-2025:reasoning,Robinson_David_819949,Q2,NM_STATE_01,The Reactive State Machine,False,,,0.0,0.0,0.0,FN,
cot,anthropic/claude-haiku-4.5:reasoning,Robinson_David_819949,Q2,NM_STATE_01,The Reactive State Machine,False,Premature Calculation Before Input,NM_STATE_01,0.5142857142857142,0.0,0.5142857142857142,TP,0.99
cot,google/gemini-2.5-flash-preview-09-2025,Garcia_Whitney_468483,Q4,,,True,Ambiguous Scanner Input Tokenization,NM_TYP_02,0.45161290322580644,0.0,0.45161290322580644,FP_CLEAN,0.9
cot,google/gemini-2.5-flash-preview-09-2025:reasoning,Garcia_Whitney_468483,Q4,,,True,Input Handling Misinterpretation,NM_IO_01,0.41509433962264153,0.0,0.41509433962264153,FP_CLEAN,0.1
cot,openai/gpt-5.1,Robinson_David_819949,Q4,NM_TYP_01,The Fluid Type Machine,False,Using int (and casting) for inherently real-valued geometry,,0.2823529411764706,0.0,0.2823529411764706,FP_HALLUCINATION,0.86
cot,openai/gpt-5.1,Robinson_David_819949,Q4,NM_TYP_01,The Fluid Type Machine,False,Misunderstanding integer division in expressions,NM_TYP_01,0.5945945945945946,0.0,0.5945945945945946,TP,0.94
cot,google/gemini-2.5-flash-preview-09-2025,Robinson_David_819949,Q4,NM_TYP_01,The Fluid Type Machine,False,Floating Point Precision Loss via Premature Casting,NM_TYP_01,0.33766233766233766,0.0,0.33766233766233766,TP,1.0
cot,google/gemini-2.5-flash-preview-09-2025,Robinson_David_819949,Q4,NM_TYP_01,The Fluid Type Machine,False,Integer Division Truncation in Formula Calculations,NM_TYP_01,0.5454545454545454,0.0,0.5454545454545454,TP,1.0
cot,anthropic/claude-haiku-4.5,Robinson_David_819949,Q4,NM_TYP_01,The Fluid Type Machine,False,Premature Integer Casting Loses Precision,NM_TYP_02,0.5373134328358209,0.0,0.5373134328358209,FP_WRONG,0.95
cot,anthropic/claude-haiku-4.5,Robinson_David_819949,Q4,NM_TYP_01,The Fluid Type Machine,False,Integer Division Truncates Fractional Values,NM_TYP_01,0.6,0.0,0.6,TP,0.98
cot,openai/gpt-5.1:reasoning,Robinson_David_819949,Q4,NM_TYP_01,The Fluid Type Machine,False,Assuming casting from double to int is harmless for geometric calculations,NM_STATE_01,0.4,0.0,0.4,FP_WRONG,0.94
cot,openai/gpt-5.1:reasoning,Robinson_David_819949,Q4,NM_TYP_01,The Fluid Type Machine,False,Believing integer division yields real-number results when used in real formulas,NM_TYP_01,0.4339622641509434,0.0,0.4339622641509434,TP,0.9
cot,google/gemini-2.5-flash-preview-09-2025:reasoning,Robinson_David_819949,Q4,NM_TYP_01,The Fluid Type Machine,False,Implicit Floating-Point Truncation/Loss of Precision in Intermediate Calculations,NM_STATE_01,0.3418803418803419,0.0,0.3418803418803419,FP_WRONG,1.0
cot,google/gemini-2.5-flash-preview-09-2025:reasoning,Robinson_David_819949,Q4,NM_TYP_01,The Fluid Type Machine,False,Integer Division in Floating Point Context,NM_TYP_01,0.6176470588235294,0.0,0.6176470588235294,TP,0.9
cot,anthropic/claude-haiku-4.5:reasoning,Robinson_David_819949,Q4,NM_TYP_01,The Fluid Type Machine,False,Distance Precision Loss via Integer Casting,NM_TYP_01,0.3188405797101449,0.0,0.3188405797101449,TP,0.95
cot,anthropic/claude-haiku-4.5:reasoning,Robinson_David_819949,Q4,NM_TYP_01,The Fluid Type Machine,False,Integer Arithmetic in Floating-Point Context,NM_TYP_01,0.42857142857142855,0.0,0.42857142857142855,TP,0.92
cot,openai/gpt-5.1,Robles_Raymond_801158,Q4,NM_SYN_02,The Algebraic Syntax Machine,False,Misunderstanding of expression grouping for distance formula,NM_TYP_01,0.3488372093023256,0.0,0.3488372093023256,FP_WRONG,0.93
cot,openai/gpt-5.1,Robles_Raymond_801158,Q4,NM_SYN_02,The Algebraic Syntax Machine,False,,,0.0,0.0,0.0,FN,
cot,google/gemini-2.5-flash-preview-09-2025,Robles_Raymond_801158,Q4,NM_SYN_02,The Algebraic Syntax Machine,False,Operator Precedence Misunderstanding for Squaring,NM_SYN_02,0.4927536231884058,0.0,0.4927536231884058,TP,1.0
cot,anthropic/claude-haiku-4.5,Robles_Raymond_801158,Q4,NM_SYN_02,The Algebraic Syntax Machine,False,Operator Precedence and Parenthesization Error,NM_SYN_02,0.48484848484848486,0.0,0.48484848484848486,TP,0.95
cot,openai/gpt-5.1:reasoning,Robles_Raymond_801158,Q4,NM_SYN_02,The Algebraic Syntax Machine,False,Operator Precedence and Distance Formula Misimplementation,NM_SYN_02,0.38461538461538464,0.0,0.38461538461538464,TP,0.82
cot,google/gemini-2.5-flash-preview-09-2025:reasoning,Robles_Raymond_801158,Q4,NM_SYN_02,The Algebraic Syntax Machine,False,Multiplicative Operator Precedence vs. Addition/Subtraction,NM_SYN_02,0.3291139240506329,0.0,0.3291139240506329,TP,1.0
cot,anthropic/claude-haiku-4.5:reasoning,Robles_Raymond_801158,Q4,NM_SYN_02,The Algebraic Syntax Machine,False,Operator Precedence Misunderstanding in Distance Calculation,NM_STATE_01,0.4375,0.0,0.4375,FP_WRONG,0.95
cot,anthropic/claude-haiku-4.5:reasoning,Robles_Raymond_801158,Q4,NM_SYN_02,The Algebraic Syntax Machine,False,,,0.0,0.0,0.0,FN,
socratic,openai/gpt-5.1,Simon_Jeffrey_923974,Q3,NM_IO_01,The Anthropomorphic I/O Machine,False,Prompt-Driven or Name-Driven Input Binding,NM_SYN_02,0.3870967741935484,0.0,0.3870967741935484,FP_WRONG,0.65
socratic,openai/gpt-5.1,Simon_Jeffrey_923974,Q3,NM_IO_01,The Anthropomorphic I/O Machine,False,,,0.0,0.0,0.0,FN,
socratic,google/gemini-2.5-flash-preview-09-2025,Simon_Jeffrey_923974,Q3,NM_IO_01,The Anthropomorphic I/O Machine,False,Sequential Input Order Misalignment,NM_TYP_01,0.36065573770491804,0.0,0.36065573770491804,FP_WRONG,1.0
socratic,google/gemini-2.5-flash-preview-09-2025,Simon_Jeffrey_923974,Q3,NM_IO_01,The Anthropomorphic I/O Machine,False,,,0.0,0.0,0.0,FN,
socratic,anthropic/claude-haiku-4.5,Simon_Jeffrey_923974,Q3,NM_IO_01,The Anthropomorphic I/O Machine,False,Prompt-Input Correspondence Assumption,NM_API_01,0.49122807017543857,0.0,0.49122807017543857,FP_WRONG,0.95
socratic,anthropic/claude-haiku-4.5,Simon_Jeffrey_923974,Q3,NM_IO_01,The Anthropomorphic I/O Machine,False,Misunderstanding of Input Sequencing,NM_TYP_02,0.3870967741935484,0.0,0.3870967741935484,FP_WRONG,0.92
socratic,anthropic/claude-haiku-4.5,Simon_Jeffrey_923974,Q3,NM_IO_01,The Anthropomorphic I/O Machine,False,,,0.0,0.0,0.0,FN,
socratic,openai/gpt-5.1:reasoning,Simon_Jeffrey_923974,Q3,NM_IO_01,The Anthropomorphic I/O Machine,False,Belief that prompts or variable names control which input goes where,,0.2765957446808511,0.0,0.2765957446808511,FP_HALLUCINATION,0.63
socratic,openai/gpt-5.1:reasoning,Simon_Jeffrey_923974,Q3,NM_IO_01,The Anthropomorphic I/O Machine,False,,,0.0,0.0,0.0,FN,
socratic,google/gemini-2.5-flash-preview-09-2025:reasoning,Simon_Jeffrey_923974,Q3,NM_IO_01,The Anthropomorphic I/O Machine,False,Disconnection between Prompt Text and Input Order,NM_TYP_01,0.32,0.0,0.32,FP_WRONG,1.0
socratic,google/gemini-2.5-flash-preview-09-2025:reasoning,Simon_Jeffrey_923974,Q3,NM_IO_01,The Anthropomorphic I/O Machine,False,,,0.0,0.0,0.0,FN,
socratic,anthropic/claude-haiku-4.5:reasoning,Simon_Jeffrey_923974,Q3,NM_IO_01,The Anthropomorphic I/O Machine,False,Input Order and Variable Name Semantics Confusion,NM_TYP_01,0.3466666666666667,0.0,0.3466666666666667,FP_WRONG,0.92
socratic,anthropic/claude-haiku-4.5:reasoning,Simon_Jeffrey_923974,Q3,NM_IO_01,The Anthropomorphic I/O Machine,False,Prompt Text as Executable Specification,NM_STATE_01,0.4266666666666667,0.0,0.4266666666666667,FP_WRONG,0.85
socratic,anthropic/claude-haiku-4.5:reasoning,Simon_Jeffrey_923974,Q3,NM_IO_01,The Anthropomorphic I/O Machine,False,,,0.0,0.0,0.0,FN,
socratic,openai/gpt-5.1,Adams_Maria_564451,Q3,NM_SYN_01,The Algebraic Syntax Machine,False,Using ^ as a power operator (math notation confusion),NM_TYP_02,0.35443037974683544,0.0,0.35443037974683544,FP_WRONG,0.98
socratic,openai/gpt-5.1,Adams_Maria_564451,Q3,NM_SYN_01,The Algebraic Syntax Machine,False,,,0.0,0.0,0.0,FN,
socratic,google/gemini-2.5-flash-preview-09-2025,Adams_Maria_564451,Q3,NM_SYN_01,The Algebraic Syntax Machine,False,Mathematical Operator Misinterpretation (Power),NM_SYN_01,0.3389830508474576,0.0,0.3389830508474576,TP,1.0
socratic,anthropic/claude-haiku-4.5,Adams_Maria_564451,Q3,NM_SYN_01,The Algebraic Syntax Machine,False,Misunderstanding of Exponentiation Operator,NM_TYP_02,0.34782608695652173,0.0,0.34782608695652173,FP_WRONG,0.99
socratic,anthropic/claude-haiku-4.5,Adams_Maria_564451,Q3,NM_SYN_01,The Algebraic Syntax Machine,False,,,0.0,0.0,0.0,FN,
socratic,openai/gpt-5.1:reasoning,Adams_Maria_564451,Q3,NM_SYN_01,The Algebraic Syntax Machine,False,Using ^ as exponent operator (math-notation confusion),NM_STATE_01,0.4,0.0,0.4,FP_WRONG,0.98
socratic,openai/gpt-5.1:reasoning,Adams_Maria_564451,Q3,NM_SYN_01,The Algebraic Syntax Machine,False,,,0.0,0.0,0.0,FN,
socratic,google/gemini-2.5-flash-preview-09-2025:reasoning,Adams_Maria_564451,Q3,NM_SYN_01,The Algebraic Syntax Machine,False,Mathematical Operator Misinterpretation (XOR for Exponentiation),,0.26,0.0,0.26,FP_HALLUCINATION,1.0
socratic,google/gemini-2.5-flash-preview-09-2025:reasoning,Adams_Maria_564451,Q3,NM_SYN_01,The Algebraic Syntax Machine,False,,,0.0,0.0,0.0,FN,
socratic,anthropic/claude-haiku-4.5:reasoning,Adams_Maria_564451,Q3,NM_SYN_01,The Algebraic Syntax Machine,False,Math Notation Translates Directly to Java Operators,,0.27692307692307694,0.0,0.27692307692307694,FP_HALLUCINATION,0.95
socratic,anthropic/claude-haiku-4.5:reasoning,Adams_Maria_564451,Q3,NM_SYN_01,The Algebraic Syntax Machine,False,,,0.0,0.0,0.0,FN,
socratic,openai/gpt-5.1,Wright_Donna_588683,Q2,NM_IO_02,The Anthropomorphic I/O Machine,False,Assuming input is stored without assigning the return value,NM_TYP_02,0.32941176470588235,0.0,0.32941176470588235,FP_WRONG,0.9
socratic,openai/gpt-5.1,Wright_Donna_588683,Q2,NM_IO_02,The Anthropomorphic I/O Machine,False,Belief in automatic overriding of default values by user input,,0.24691358024691357,0.0,0.24691358024691357,FP_HALLUCINATION,0.75
socratic,openai/gpt-5.1,Wright_Donna_588683,Q2,NM_IO_02,The Anthropomorphic I/O Machine,False,,,0.0,0.0,0.0,FN,
socratic,google/gemini-2.5-flash-preview-09-2025,Wright_Donna_588683,Q2,NM_IO_02,The Anthropomorphic I/O Machine,False,Unassigned Method Return Value,NM_IO_02,0.3181818181818182,0.0,0.3181818181818182,TP,1.0
socratic,google/gemini-2.5-flash-preview-09-2025,Wright_Donna_588683,Q2,NM_IO_02,The Anthropomorphic I/O Machine,False,Sequential Overwriting by Default Initialization,NM_TYP_02,0.4864864864864865,0.0,0.4864864864864865,FP_WRONG,0.9
socratic,anthropic/claude-haiku-4.5,Wright_Donna_588683,Q2,NM_IO_02,The Anthropomorphic I/O Machine,False,Input Values Not Stored in Variables,NM_TYP_02,0.41935483870967744,0.0,0.41935483870967744,FP_WRONG,0.95
socratic,anthropic/claude-haiku-4.5,Wright_Donna_588683,Q2,NM_IO_02,The Anthropomorphic I/O Machine,False,Misleading Comments as Substitute for Code Logic,NM_TYP_02,0.32432432432432434,0.0,0.32432432432432434,FP_WRONG,0.92
socratic,anthropic/claude-haiku-4.5,Wright_Donna_588683,Q2,NM_IO_02,The Anthropomorphic I/O Machine,False,Inconsistent Application of Assignment Pattern,NM_STATE_01,0.3170731707317073,0.0,0.3170731707317073,FP_WRONG,0.88
socratic,anthropic/claude-haiku-4.5,Wright_Donna_588683,Q2,NM_IO_02,The Anthropomorphic I/O Machine,False,,,0.0,0.0,0.0,FN,
socratic,openai/gpt-5.1:reasoning,Wright_Donna_588683,Q2,NM_IO_02,The Anthropomorphic I/O Machine,False,Input Value Stored Implicitly Without Variables,NM_API_01,0.30303030303030304,0.0,0.30303030303030304,FP_WRONG,0.8
socratic,openai/gpt-5.1:reasoning,Wright_Donna_588683,Q2,NM_IO_02,The Anthropomorphic I/O Machine,False,Defaults Misunderstood as Automatic Fallbacks,NM_API_01,0.34375,0.0,0.34375,FP_WRONG,0.6
socratic,openai/gpt-5.1:reasoning,Wright_Donna_588683,Q2,NM_IO_02,The Anthropomorphic I/O Machine,False,,,0.0,0.0,0.0,FN,
socratic,google/gemini-2.5-flash-preview-09-2025:reasoning,Wright_Donna_588683,Q2,NM_IO_02,The Anthropomorphic I/O Machine,False,Ignoring Method Return Values,NM_TYP_02,0.43636363636363634,0.0,0.43636363636363634,FP_WRONG,1.0
socratic,google/gemini-2.5-flash-preview-09-2025:reasoning,Wright_Donna_588683,Q2,NM_IO_02,The Anthropomorphic I/O Machine,False,Overwriting Input Data with Default Values,NM_TYP_02,0.38235294117647056,0.0,0.38235294117647056,FP_WRONG,0.95
socratic,google/gemini-2.5-flash-preview-09-2025:reasoning,Wright_Donna_588683,Q2,NM_IO_02,The Anthropomorphic I/O Machine,False,,,0.0,0.0,0.0,FN,
socratic,anthropic/claude-haiku-4.5:reasoning,Wright_Donna_588683,Q2,NM_IO_02,The Anthropomorphic I/O Machine,False,Method Return Values Not Captured,NM_IO_02,0.3404255319148936,0.0,0.3404255319148936,TP,0.95
socratic,anthropic/claude-haiku-4.5:reasoning,Wright_Donna_588683,Q2,NM_IO_02,The Anthropomorphic I/O Machine,False,Variables and Input Data as Separate Concepts,NM_TYP_02,0.36619718309859156,0.0,0.36619718309859156,FP_WRONG,0.9
socratic,google/gemini-2.5-flash-preview-09-2025:reasoning,Mitchell_Dakota_235991,Q2,,,True,Output Formatting Neglect,NM_IO_01,0.391304347826087,0.0,0.391304347826087,FP_CLEAN,0.8
socratic,openai/gpt-5.1,Adams_Maria_564451,Q2,NM_STATE_01,The Reactive State Machine,False,,,0.0,0.0,0.0,FN,
socratic,google/gemini-2.5-flash-preview-09-2025,Adams_Maria_564451,Q2,NM_STATE_01,The Reactive State Machine,False,Irrelevant Code Inclusion and Unnecessary Initialization,NM_TYP_01,0.4146341463414634,0.0,0.4146341463414634,FP_WRONG,0.95
socratic,google/gemini-2.5-flash-preview-09-2025,Adams_Maria_564451,Q2,NM_STATE_01,The Reactive State Machine,False,,,0.0,0.0,0.0,FN,
socratic,anthropic/claude-haiku-4.5,Adams_Maria_564451,Q2,NM_STATE_01,The Reactive State Machine,False,Copy-Paste Code Artifact / Irrelevant Variable Initialization,NM_STATE_01,0.3711340206185567,0.0,0.3711340206185567,TP,0.85
socratic,anthropic/claude-haiku-4.5,Adams_Maria_564451,Q2,NM_STATE_01,The Reactive State Machine,False,Division by Zero Awareness Gap,NM_TYP_01,0.5,0.0,0.5,FP_WRONG,0.72
socratic,openai/gpt-5.1:reasoning,Adams_Maria_564451,Q2,NM_STATE_01,The Reactive State Machine,False,,,0.0,0.0,0.0,FN,
socratic,google/gemini-2.5-flash-preview-09-2025:reasoning,Adams_Maria_564451,Q2,NM_STATE_01,The Reactive State Machine,False,Inclusion of Unnecessary/Unrelated Variables and Calculation,NM_STATE_01,0.375,0.0,0.375,TP,0.95
socratic,anthropic/claude-haiku-4.5:reasoning,Adams_Maria_564451,Q2,NM_STATE_01,The Reactive State Machine,False,Dead Code Irrelevance / Problem Misreading,NM_SYN_02,0.3225806451612903,0.0,0.3225806451612903,FP_WRONG,0.85
socratic,anthropic/claude-haiku-4.5:reasoning,Adams_Maria_564451,Q2,NM_STATE_01,The Reactive State Machine,False,,,0.0,0.0,0.0,FN,
socratic,openai/gpt-5.1,Miller_Emily_916799,Q2,NM_STATE_01,The Reactive State Machine,False,Automatic Updating of Dependent Variables,NM_SYN_02,0.32786885245901637,0.0,0.32786885245901637,FP_WRONG,0.86
socratic,openai/gpt-5.1,Miller_Emily_916799,Q2,NM_STATE_01,The Reactive State Machine,False,,,0.0,0.0,0.0,FN,
socratic,google/gemini-2.5-flash-preview-09-2025,Miller_Emily_916799,Q2,NM_STATE_01,The Reactive State Machine,False,Irrelevant Calculation and Dead Code,NM_STATE_01,0.4166666666666667,0.0,0.4166666666666667,TP,0.95
socratic,anthropic/claude-haiku-4.5,Miller_Emily_916799,Q2,NM_STATE_01,The Reactive State Machine,False,Irrelevant Code Inclusion / Dead Code Misunderstanding,NM_TYP_01,0.4,0.0,0.4,FP_WRONG,0.85
socratic,anthropic/claude-haiku-4.5,Miller_Emily_916799,Q2,NM_STATE_01,The Reactive State Machine,False,Variable Initialization Confusion / Premature Computation,NM_TYP_02,0.3132530120481928,0.0,0.3132530120481928,FP_WRONG,0.72
socratic,anthropic/claude-haiku-4.5,Miller_Emily_916799,Q2,NM_STATE_01,The Reactive State Machine,False,,,0.0,0.0,0.0,FN,
socratic,openai/gpt-5.1:reasoning,Miller_Emily_916799,Q2,NM_STATE_01,The Reactive State Machine,False,Formula-As-Link / Automatic Variable Recalculation,NM_STATE_01,0.4883720930232558,0.0,0.4883720930232558,TP,0.7
socratic,google/gemini-2.5-flash-preview-09-2025:reasoning,Miller_Emily_916799,Q2,NM_STATE_01,The Reactive State Machine,False,Inert Variables/Unused Code Snippets,NM_TYP_01,0.3870967741935484,0.0,0.3870967741935484,FP_WRONG,0.95
socratic,google/gemini-2.5-flash-preview-09-2025:reasoning,Miller_Emily_916799,Q2,NM_STATE_01,The Reactive State Machine,False,,,0.0,0.0,0.0,FN,
socratic,anthropic/claude-haiku-4.5:reasoning,Miller_Emily_916799,Q2,NM_STATE_01,The Reactive State Machine,False,Unused Physics Formula in Unrelated Context,NM_STATE_01,0.3037974683544304,0.0,0.3037974683544304,TP,0.75
socratic,anthropic/claude-haiku-4.5:reasoning,Miller_Emily_916799,Q2,NM_STATE_01,The Reactive State Machine,False,Unrelated Problem Domain Knowledge Bleeding Into Solution,NM_TYP_02,0.3855421686746988,0.0,0.3855421686746988,FP_WRONG,0.85
socratic,openai/gpt-5.1,Robinson_David_819949,Q1,NM_SYN_02,The Algebraic Syntax Machine,False,Misunderstanding of operator precedence when translating math to code,NM_SYN_02,0.3595505617977528,0.0,0.3595505617977528,TP,0.9
socratic,google/gemini-2.5-flash-preview-09-2025,Robinson_David_819949,Q1,NM_SYN_02,The Algebraic Syntax Machine,False,Mathematical Operator Precedence Misunderstanding,NM_SYN_02,0.463768115942029,0.0,0.463768115942029,TP,1.0
socratic,anthropic/claude-haiku-4.5,Robinson_David_819949,Q1,NM_SYN_02,The Algebraic Syntax Machine,False,Operator Precedence Misunderstanding,NM_SYN_02,0.5714285714285714,0.0,0.5714285714285714,TP,0.95
socratic,openai/gpt-5.1:reasoning,Robinson_David_819949,Q1,NM_SYN_02,The Algebraic Syntax Machine,False,Ignoring Operator Precedence in Arithmetic Expressions,NM_TYP_02,0.45,0.0,0.45,FP_WRONG,0.92
socratic,openai/gpt-5.1:reasoning,Robinson_David_819949,Q1,NM_SYN_02,The Algebraic Syntax Machine,False,,,0.0,0.0,0.0,FN,
socratic,google/gemini-2.5-flash-preview-09-2025:reasoning,Robinson_David_819949,Q1,NM_SYN_02,The Algebraic Syntax Machine,False,Operator Precedence Confusion,NM_SYN_02,0.5306122448979592,0.0,0.5306122448979592,TP,1.0
socratic,anthropic/claude-haiku-4.5:reasoning,Robinson_David_819949,Q1,NM_SYN_02,The Algebraic Syntax Machine,False,Operator Precedence Misunderstanding,NM_SYN_02,0.5714285714285714,0.0,0.5714285714285714,TP,0.98
socratic,openai/gpt-5.1,Wright_Donna_588683,Q4,NM_TYP_01,The Fluid Type Machine,False,Decimals Lost by int Will Be Fixed by double Later,,0.2631578947368421,0.0,0.2631578947368421,FP_HALLUCINATION,0.93
socratic,openai/gpt-5.1,Wright_Donna_588683,Q4,NM_TYP_01,The Fluid Type Machine,False,,,0.0,0.0,0.0,FN,
socratic,google/gemini-2.5-flash-preview-09-2025,Wright_Donna_588683,Q4,NM_TYP_01,The Fluid Type Machine,False,Inaccurate Integer Casting in Utility Method,NM_TYP_02,0.42857142857142855,0.0,0.42857142857142855,FP_WRONG,0.95
socratic,google/gemini-2.5-flash-preview-09-2025,Wright_Donna_588683,Q4,NM_TYP_01,The Fluid Type Machine,False,Premature/Involuntary Integer Arithmetic,NM_TYP_02,0.3333333333333333,0.0,0.3333333333333333,FP_WRONG,0.95
socratic,google/gemini-2.5-flash-preview-09-2025,Wright_Donna_588683,Q4,NM_TYP_01,The Fluid Type Machine,False,,,0.0,0.0,0.0,FN,
socratic,anthropic/claude-haiku-4.5,Wright_Donna_588683,Q4,NM_TYP_01,The Fluid Type Machine,False,Loss of Precision Through Premature Integer Casting,NM_SYN_02,0.30985915492957744,0.0,0.30985915492957744,FP_WRONG,0.95
socratic,anthropic/claude-haiku-4.5,Wright_Donna_588683,Q4,NM_TYP_01,The Fluid Type Machine,False,Integer Division Followed by Implicit Precision Recovery,NM_TYP_01,0.5365853658536586,0.0,0.5365853658536586,TP,0.9
socratic,anthropic/claude-haiku-4.5,Wright_Donna_588683,Q4,NM_TYP_01,The Fluid Type Machine,False,Type Selection Based on Perceived Simplicity Rather Than Precision Requirements,,0.24761904761904763,0.0,0.24761904761904763,FP_HALLUCINATION,0.85
socratic,openai/gpt-5.1:reasoning,Wright_Donna_588683,Q4,NM_TYP_01,The Fluid Type Machine,False,Reversible Casting and Ignoring Integer Precision Loss,NM_TYP_01,0.425,0.0,0.425,TP,0.96
socratic,google/gemini-2.5-flash-preview-09-2025:reasoning,Wright_Donna_588683,Q4,NM_TYP_01,The Fluid Type Machine,False,Premature Type Truncation (Loss of Precision),NM_TYP_02,0.39436619718309857,0.0,0.39436619718309857,FP_WRONG,1.0
socratic,google/gemini-2.5-flash-preview-09-2025:reasoning,Wright_Donna_588683,Q4,NM_TYP_01,The Fluid Type Machine,False,Integer Division in Floating Point Context,NM_TYP_01,0.6176470588235294,0.0,0.6176470588235294,TP,0.95
socratic,anthropic/claude-haiku-4.5:reasoning,Wright_Donna_588683,Q4,NM_TYP_01,The Fluid Type Machine,False,Precision Loss Cannot Be Recovered Later,NM_IO_02,0.3333333333333333,0.0,0.3333333333333333,FP_WRONG,0.92
socratic,anthropic/claude-haiku-4.5:reasoning,Wright_Donna_588683,Q4,NM_TYP_01,The Fluid Type Machine,False,Integer Casting of Floating-Point Results,NM_TYP_01,0.44776119402985076,0.0,0.44776119402985076,TP,0.88
socratic,anthropic/claude-haiku-4.5:reasoning,Wright_Donna_588683,Q4,NM_TYP_01,The Fluid Type Machine,False,Integer Division Precision Loss vs. Type Conversion,NM_TYP_01,0.5194805194805194,0.0,0.5194805194805194,TP,0.9
socratic,google/gemini-2.5-flash-preview-09-2025,Adams_Maria_564451,Q4,,,True,Scanner Next Double Behavior,,0.2962962962962963,0.0,0.2962962962962963,FP_CLEAN,0.8
socratic,google/gemini-2.5-flash-preview-09-2025:reasoning,Simon_Jeffrey_923974,Q4,,,True,Input Buffer Consumption Mismatch,NM_IO_01,0.5925925925925926,0.0,0.5925925925925926,FP_CLEAN,0.8
socratic,google/gemini-2.5-flash-preview-09-2025:reasoning,Miller_Emily_916799,Q4,,,True,Input Type Mismatch and Buffer Handling,NM_IO_01,0.4,0.0,0.4,FP_CLEAN,0.5
socratic,google/gemini-2.5-flash-preview-09-2025:reasoning,Montgomery_Roberta_641525,Q4,,,True,Input Handling Misalignment with Multi-Input Requests,NM_TYP_02,0.3291139240506329,0.0,0.3291139240506329,FP_CLEAN,0.7
socratic,openai/gpt-5.1,Robinson_David_819949,Q2,NM_STATE_01,The Reactive State Machine,False,Variables as Auto-Updating Formulas,NM_API_01,0.37037037037037035,0.0,0.37037037037037035,FP_WRONG,0.96
socratic,openai/gpt-5.1,Robinson_David_819949,Q2,NM_STATE_01,The Reactive State Machine,False,,,0.0,0.0,0.0,FN,
socratic,google/gemini-2.5-flash-preview-09-2025,Robinson_David_819949,Q2,NM_STATE_01,The Reactive State Machine,False,Execution Order and Variable Assignment Time,NM_TYP_01,0.3142857142857143,0.0,0.3142857142857143,FP_WRONG,1.0
socratic,google/gemini-2.5-flash-preview-09-2025,Robinson_David_819949,Q2,NM_STATE_01,The Reactive State Machine,False,,,0.0,0.0,0.0,FN,
socratic,anthropic/claude-haiku-4.5,Robinson_David_819949,Q2,NM_STATE_01,The Reactive State Machine,False,Variable Initialization Before Assignment,NM_TYP_01,0.3582089552238806,0.0,0.3582089552238806,FP_WRONG,0.95
socratic,anthropic/claude-haiku-4.5,Robinson_David_819949,Q2,NM_STATE_01,The Reactive State Machine,False,,,0.0,0.0,0.0,FN,
socratic,openai/gpt-5.1:reasoning,Robinson_David_819949,Q2,NM_STATE_01,The Reactive State Machine,False,Automatic Formula Recalculation (Spreadsheet Mental Model),NM_STATE_01,0.3617021276595745,0.0,0.3617021276595745,TP,0.95
socratic,google/gemini-2.5-flash-preview-09-2025:reasoning,Robinson_David_819949,Q2,NM_STATE_01,The Reactive State Machine,False,Static Evaluation of Expressions (Lack of Automatic Variable Updating),,0.24528301886792453,0.0,0.24528301886792453,FP_HALLUCINATION,1.0
socratic,google/gemini-2.5-flash-preview-09-2025:reasoning,Robinson_David_819949,Q2,NM_STATE_01,The Reactive State Machine,False,,,0.0,0.0,0.0,FN,
socratic,anthropic/claude-haiku-4.5:reasoning,Robinson_David_819949,Q2,NM_STATE_01,The Reactive State Machine,False,Automatic Variable Updates / Reactive Dependency,,0.2903225806451613,0.0,0.2903225806451613,FP_HALLUCINATION,0.95
socratic,anthropic/claude-haiku-4.5:reasoning,Robinson_David_819949,Q2,NM_STATE_01,The Reactive State Machine,False,,,0.0,0.0,0.0,FN,
socratic,google/gemini-2.5-flash-preview-09-2025:reasoning,Garcia_Whitney_468483,Q4,,,True,Input Buffer Reading Assumption,NM_API_01,0.52,0.0,0.52,FP_CLEAN,0.85
socratic,google/gemini-2.5-flash-preview-09-2025:reasoning,Garcia_Whitney_468483,Q4,,,True,Resource Management Deficiency,NM_TYP_02,0.32142857142857145,0.0,0.32142857142857145,FP_CLEAN,0.9
socratic,openai/gpt-5.1,Robinson_David_819949,Q4,NM_TYP_01,The Fluid Type Machine,False,Ignoring precision loss when casting to int,NM_TYP_01,0.37681159420289856,0.0,0.37681159420289856,TP,0.86
socratic,openai/gpt-5.1,Robinson_David_819949,Q4,NM_TYP_01,The Fluid Type Machine,False,Confusing integer division with real-number division,NM_TYP_01,0.5128205128205128,0.0,0.5128205128205128,TP,0.78
socratic,google/gemini-2.5-flash-preview-09-2025,Robinson_David_819949,Q4,NM_TYP_01,The Fluid Type Machine,False,Implicit Floating-Point Truncation,NM_TYP_02,0.36666666666666664,0.0,0.36666666666666664,FP_WRONG,0.95
socratic,google/gemini-2.5-flash-preview-09-2025,Robinson_David_819949,Q4,NM_TYP_01,The Fluid Type Machine,False,Integer Division in Intermediate Steps,NM_TYP_01,0.71875,0.0,0.71875,TP,0.9
socratic,anthropic/claude-haiku-4.5,Robinson_David_819949,Q4,NM_TYP_01,The Fluid Type Machine,False,Premature Integer Casting of Floating-Point Calculations,NM_TYP_02,0.43902439024390244,0.0,0.43902439024390244,FP_WRONG,0.95
socratic,anthropic/claude-haiku-4.5,Robinson_David_819949,Q4,NM_TYP_01,The Fluid Type Machine,False,Integer Division Where Floating-Point is Required,NM_TYP_01,0.5866666666666667,0.0,0.5866666666666667,TP,0.92
socratic,anthropic/claude-haiku-4.5,Robinson_David_819949,Q4,NM_TYP_01,The Fluid Type Machine,False,Type System Mismatch Between Input Data Types and Calculation Requirements,NM_STATE_01,0.4,0.0,0.4,FP_WRONG,0.78
socratic,openai/gpt-5.1:reasoning,Robinson_David_819949,Q4,NM_TYP_01,The Fluid Type Machine,False,Ignoring integer truncation for real-valued geometry,NM_TYP_01,0.3333333333333333,0.0,0.3333333333333333,TP,0.88
socratic,google/gemini-2.5-flash-preview-09-2025:reasoning,Robinson_David_819949,Q4,NM_TYP_01,The Fluid Type Machine,False,Inappropriate Lossy Type Casting,NM_IO_01,0.41509433962264153,0.0,0.41509433962264153,FP_WRONG,0.95
socratic,google/gemini-2.5-flash-preview-09-2025:reasoning,Robinson_David_819949,Q4,NM_TYP_01,The Fluid Type Machine,False,Integer Division and Precision Loss in Formula Intermediates,NM_TYP_01,0.5116279069767442,0.0,0.5116279069767442,TP,0.9
socratic,anthropic/claude-haiku-4.5:reasoning,Robinson_David_819949,Q4,NM_TYP_01,The Fluid Type Machine,False,Premature Type Narrowing in Geometric Calculations,NM_STATE_01,0.5116279069767442,0.0,0.5116279069767442,FP_WRONG,0.95
socratic,anthropic/claude-haiku-4.5:reasoning,Robinson_David_819949,Q4,NM_TYP_01,The Fluid Type Machine,False,Integer Division Losses in Formula Application,NM_TYP_01,0.5555555555555556,0.0,0.5555555555555556,TP,0.92
socratic,anthropic/claude-haiku-4.5:reasoning,Robinson_David_819949,Q4,NM_TYP_01,The Fluid Type Machine,False,Misunderstanding Type Propagation in Arithmetic Expressions,NM_TYP_02,0.4,0.0,0.4,FP_WRONG,0.78
socratic,openai/gpt-5.1,Robles_Raymond_801158,Q4,NM_SYN_02,The Algebraic Syntax Machine,False,Translating Algebraic Squares Without Parentheses / Operator Precedence Confusion,,0.29906542056074764,0.0,0.29906542056074764,FP_HALLUCINATION,0.93
socratic,openai/gpt-5.1,Robles_Raymond_801158,Q4,NM_SYN_02,The Algebraic Syntax Machine,False,,,0.0,0.0,0.0,FN,
socratic,google/gemini-2.5-flash-preview-09-2025,Robles_Raymond_801158,Q4,NM_SYN_02,The Algebraic Syntax Machine,False,Mathematical Expression Translation Error (Power/Squaring),,0.2978723404255319,0.0,0.2978723404255319,FP_HALLUCINATION,1.0
socratic,google/gemini-2.5-flash-preview-09-2025,Robles_Raymond_801158,Q4,NM_SYN_02,The Algebraic Syntax Machine,False,,,0.0,0.0,0.0,FN,
socratic,anthropic/claude-haiku-4.5,Robles_Raymond_801158,Q4,NM_SYN_02,The Algebraic Syntax Machine,False,Operator Precedence and Algebraic Expression Translation,NM_SYN_02,0.42105263157894735,0.0,0.42105263157894735,TP,0.95
socratic,anthropic/claude-haiku-4.5,Robles_Raymond_801158,Q4,NM_SYN_02,The Algebraic Syntax Machine,False,Missing Function/Method Abstraction from Question 3,,0.22857142857142856,0.0,0.22857142857142856,FP_HALLUCINATION,0.85
socratic,openai/gpt-5.1:reasoning,Robles_Raymond_801158,Q4,NM_SYN_02,The Algebraic Syntax Machine,False,Misunderstanding of arithmetic precedence and squaring in code,NM_SYN_02,0.34146341463414637,0.0,0.34146341463414637,TP,0.86
socratic,google/gemini-2.5-flash-preview-09-2025:reasoning,Robles_Raymond_801158,Q4,NM_SYN_02,The Algebraic Syntax Machine,False,Mathematical Notation Misinterpretation/Operator Precedence Error,,0.2823529411764706,0.0,0.2823529411764706,FP_HALLUCINATION,1.0
socratic,google/gemini-2.5-flash-preview-09-2025:reasoning,Robles_Raymond_801158,Q4,NM_SYN_02,The Algebraic Syntax Machine,False,,,0.0,0.0,0.0,FN,
socratic,anthropic/claude-haiku-4.5:reasoning,Robles_Raymond_801158,Q4,NM_SYN_02,The Algebraic Syntax Machine,False,Operator Precedence in Mathematical Expression Translation,NM_SYN_02,0.41025641025641024,0.0,0.41025641025641024,TP,0.92
socratic,anthropic/claude-haiku-4.5:reasoning,Robles_Raymond_801158,Q4,NM_SYN_02,The Algebraic Syntax Machine,False,Exponentiation Notation Misunderstanding,NM_TYP_01,0.36363636363636365,0.0,0.36363636363636365,FP_WRONG,0.88
taxonomy,openai/gpt-5.1,Simon_Jeffrey_923974,Q3,NM_IO_01,The Anthropomorphic I/O Machine,False,Prompt-driven input mapping,NM_IO_01,0.4583333333333333,0.0,0.4583333333333333,TP,0.9
taxonomy,google/gemini-2.5-flash-preview-09-2025,Simon_Jeffrey_923974,Q3,NM_IO_01,The Anthropomorphic I/O Machine,False,Sequential Input Order Confusion,NM_TYP_02,0.3793103448275862,0.0,0.3793103448275862,FP_WRONG,1.0
taxonomy,google/gemini-2.5-flash-preview-09-2025,Simon_Jeffrey_923974,Q3,NM_IO_01,The Anthropomorphic I/O Machine,False,,,0.0,0.0,0.0,FN,
taxonomy,anthropic/claude-haiku-4.5,Simon_Jeffrey_923974,Q3,NM_IO_01,The Anthropomorphic I/O Machine,False,Prompt-Driven Variable Assignment,NM_API_01,0.4230769230769231,0.0,0.4230769230769231,FP_WRONG,0.95
taxonomy,anthropic/claude-haiku-4.5,Simon_Jeffrey_923974,Q3,NM_IO_01,The Anthropomorphic I/O Machine,False,,,0.0,0.0,0.0,FN,
taxonomy,openai/gpt-5.1:reasoning,Simon_Jeffrey_923974,Q3,NM_IO_01,The Anthropomorphic I/O Machine,False,Prompt-driven input binding,NM_SYN_02,0.46808510638297873,0.0,0.46808510638297873,FP_WRONG,0.96
taxonomy,openai/gpt-5.1:reasoning,Simon_Jeffrey_923974,Q3,NM_IO_01,The Anthropomorphic I/O Machine,False,,,0.0,0.0,0.0,FN,
taxonomy,google/gemini-2.5-flash-preview-09-2025:reasoning,Simon_Jeffrey_923974,Q3,NM_IO_01,The Anthropomorphic I/O Machine,False,Input Variable Association by Prompt Text,NM_API_01,0.4,0.0,0.4,FP_WRONG,1.0
taxonomy,google/gemini-2.5-flash-preview-09-2025:reasoning,Simon_Jeffrey_923974,Q3,NM_IO_01,The Anthropomorphic I/O Machine,False,,,0.0,0.0,0.0,FN,
taxonomy,anthropic/claude-haiku-4.5:reasoning,Simon_Jeffrey_923974,Q3,NM_IO_01,The Anthropomorphic I/O Machine,False,Prompt-Driven Input Ordering,NM_IO_01,0.4489795918367347,0.0,0.4489795918367347,TP,0.95
taxonomy,openai/gpt-5.1,Adams_Maria_564451,Q3,NM_SYN_01,The Algebraic Syntax Machine,False,Using ^ as an exponent operator,NM_TYP_02,0.38596491228070173,0.0,0.38596491228070173,FP_WRONG,0.99
taxonomy,openai/gpt-5.1,Adams_Maria_564451,Q3,NM_SYN_01,The Algebraic Syntax Machine,False,,,0.0,0.0,0.0,FN,
taxonomy,google/gemini-2.5-flash-preview-09-2025,Adams_Maria_564451,Q3,NM_SYN_01,The Algebraic Syntax Machine,False,Bitwise XOR for Exponentiation,NM_API_01,0.40816326530612246,0.0,0.40816326530612246,FP_WRONG,1.0
taxonomy,google/gemini-2.5-flash-preview-09-2025,Adams_Maria_564451,Q3,NM_SYN_01,The Algebraic Syntax Machine,False,,,0.0,0.0,0.0,FN,
taxonomy,anthropic/claude-haiku-4.5,Adams_Maria_564451,Q3,NM_SYN_01,The Algebraic Syntax Machine,False,Bitwise Operator Misunderstanding,NM_IO_02,0.3404255319148936,0.0,0.3404255319148936,FP_WRONG,0.95
taxonomy,anthropic/claude-haiku-4.5,Adams_Maria_564451,Q3,NM_SYN_01,The Algebraic Syntax Machine,False,,,0.0,0.0,0.0,FN,
taxonomy,openai/gpt-5.1:reasoning,Adams_Maria_564451,Q3,NM_SYN_01,The Algebraic Syntax Machine,False,Treating caret (^) as exponent operator,NM_TYP_02,0.4,0.0,0.4,FP_WRONG,0.98
taxonomy,openai/gpt-5.1:reasoning,Adams_Maria_564451,Q3,NM_SYN_01,The Algebraic Syntax Machine,False,,,0.0,0.0,0.0,FN,
taxonomy,google/gemini-2.5-flash-preview-09-2025:reasoning,Adams_Maria_564451,Q3,NM_SYN_01,The Algebraic Syntax Machine,False,Bitwise XOR for Exponentiation,NM_API_01,0.40816326530612246,0.0,0.40816326530612246,FP_WRONG,1.0
taxonomy,google/gemini-2.5-flash-preview-09-2025:reasoning,Adams_Maria_564451,Q3,NM_SYN_01,The Algebraic Syntax Machine,False,,,0.0,0.0,0.0,FN,
taxonomy,anthropic/claude-haiku-4.5:reasoning,Adams_Maria_564451,Q3,NM_SYN_01,The Algebraic Syntax Machine,False,Mathematical Notation Operator Confusion,NM_TYP_02,0.36363636363636365,0.0,0.36363636363636365,FP_WRONG,0.95
taxonomy,anthropic/claude-haiku-4.5:reasoning,Adams_Maria_564451,Q3,NM_SYN_01,The Algebraic Syntax Machine,False,,,0.0,0.0,0.0,FN,
taxonomy,openai/gpt-5.1,Wright_Donna_588683,Q2,NM_IO_02,The Anthropomorphic I/O Machine,False,Inputs remembered without variables,NM_TYP_01,0.39344262295081966,0.0,0.39344262295081966,FP_WRONG,0.82
taxonomy,openai/gpt-5.1,Wright_Donna_588683,Q2,NM_IO_02,The Anthropomorphic I/O Machine,False,,,0.0,0.0,0.0,FN,
taxonomy,google/gemini-2.5-flash-preview-09-2025,Wright_Donna_588683,Q2,NM_IO_02,The Anthropomorphic I/O Machine,False,Unassigned Return Value,NM_STATE_01,0.3050847457627119,0.0,0.3050847457627119,FP_WRONG,1.0
taxonomy,google/gemini-2.5-flash-preview-09-2025,Wright_Donna_588683,Q2,NM_IO_02,The Anthropomorphic I/O Machine,False,Sequential Initialization Overrides Intent,NM_TYP_01,0.35294117647058826,0.0,0.35294117647058826,FP_WRONG,0.95
taxonomy,google/gemini-2.5-flash-preview-09-2025,Wright_Donna_588683,Q2,NM_IO_02,The Anthropomorphic I/O Machine,False,,,0.0,0.0,0.0,FN,
taxonomy,anthropic/claude-haiku-4.5,Wright_Donna_588683,Q2,NM_IO_02,The Anthropomorphic I/O Machine,False,Input-Result Disconnection,NM_TYP_01,0.4230769230769231,0.0,0.4230769230769231,FP_WRONG,0.95
taxonomy,anthropic/claude-haiku-4.5,Wright_Donna_588683,Q2,NM_IO_02,The Anthropomorphic I/O Machine,False,Assignment Order Independence,NM_TYP_01,0.36363636363636365,0.0,0.36363636363636365,FP_WRONG,0.88
taxonomy,anthropic/claude-haiku-4.5,Wright_Donna_588683,Q2,NM_IO_02,The Anthropomorphic I/O Machine,False,,,0.0,0.0,0.0,FN,
taxonomy,openai/gpt-5.1:reasoning,Wright_Donna_588683,Q2,NM_IO_02,The Anthropomorphic I/O Machine,False,Prompt-driven automatic input storage,NM_IO_01,0.4482758620689655,0.0,0.4482758620689655,FP_WRONG,0.9
taxonomy,openai/gpt-5.1:reasoning,Wright_Donna_588683,Q2,NM_IO_02,The Anthropomorphic I/O Machine,False,,,0.0,0.0,0.0,FN,
taxonomy,google/gemini-2.5-flash-preview-09-2025:reasoning,Wright_Donna_588683,Q2,NM_IO_02,The Anthropomorphic I/O Machine,False,Input Reading Without Assignment,NM_TYP_01,0.3793103448275862,0.0,0.3793103448275862,FP_WRONG,1.0
taxonomy,google/gemini-2.5-flash-preview-09-2025:reasoning,Wright_Donna_588683,Q2,NM_IO_02,The Anthropomorphic I/O Machine,False,Variable Initialization vs. Input Allocation Order,NM_TYP_01,0.3157894736842105,0.0,0.3157894736842105,FP_WRONG,0.9
taxonomy,google/gemini-2.5-flash-preview-09-2025:reasoning,Wright_Donna_588683,Q2,NM_IO_02,The Anthropomorphic I/O Machine,False,,,0.0,0.0,0.0,FN,
taxonomy,anthropic/claude-haiku-4.5:reasoning,Wright_Donna_588683,Q2,NM_IO_02,The Anthropomorphic I/O Machine,False,Method Return Value Discardance,NM_IO_02,0.35555555555555557,0.0,0.35555555555555557,TP,0.95
taxonomy,openai/gpt-5.1,Adams_Maria_564451,Q2,NM_STATE_01,The Reactive State Machine,False,,,0.0,0.0,0.0,FN,
taxonomy,google/gemini-2.5-flash-preview-09-2025,Adams_Maria_564451,Q2,NM_STATE_01,The Reactive State Machine,False,Unmanaged Premature Calculation,NM_STATE_01,0.5373134328358209,0.0,0.5373134328358209,TP,0.95
taxonomy,anthropic/claude-haiku-4.5,Adams_Maria_564451,Q2,NM_STATE_01,The Reactive State Machine,False,Dead Code / Unused Variable Initialization,NM_TYP_02,0.35294117647058826,0.0,0.35294117647058826,FP_WRONG,0.75
taxonomy,anthropic/claude-haiku-4.5,Adams_Maria_564451,Q2,NM_STATE_01,The Reactive State Machine,False,Contextual Misunderstanding / Copy-Paste Error,NM_TYP_01,0.3055555555555556,0.0,0.3055555555555556,FP_WRONG,0.85
taxonomy,anthropic/claude-haiku-4.5,Adams_Maria_564451,Q2,NM_STATE_01,The Reactive State Machine,False,,,0.0,0.0,0.0,FN,
taxonomy,openai/gpt-5.1:reasoning,Adams_Maria_564451,Q2,NM_STATE_01,The Reactive State Machine,False,,,0.0,0.0,0.0,FN,
taxonomy,google/gemini-2.5-flash-preview-09-2025:reasoning,Adams_Maria_564451,Q2,NM_STATE_01,The Reactive State Machine,False,Unnecessary Code/Bloated Implementation,NM_TYP_02,0.4,0.0,0.4,FP_WRONG,0.8
taxonomy,google/gemini-2.5-flash-preview-09-2025:reasoning,Adams_Maria_564451,Q2,NM_STATE_01,The Reactive State Machine,False,Division by Default Zero,NM_TYP_01,0.48,0.0,0.48,FP_WRONG,0.95
taxonomy,google/gemini-2.5-flash-preview-09-2025:reasoning,Adams_Maria_564451,Q2,NM_STATE_01,The Reactive State Machine,False,,,0.0,0.0,0.0,FN,
taxonomy,anthropic/claude-haiku-4.5:reasoning,Adams_Maria_564451,Q2,NM_STATE_01,The Reactive State Machine,False,,,0.0,0.0,0.0,FN,
taxonomy,openai/gpt-5.1,Miller_Emily_916799,Q2,NM_STATE_01,The Reactive State Machine,False,Precomputed formula that will auto-update with later inputs,NM_SYN_02,0.3037974683544304,0.0,0.3037974683544304,FP_WRONG,0.82
taxonomy,openai/gpt-5.1,Miller_Emily_916799,Q2,NM_STATE_01,The Reactive State Machine,False,,,0.0,0.0,0.0,FN,
taxonomy,google/gemini-2.5-flash-preview-09-2025,Miller_Emily_916799,Q2,NM_STATE_01,The Reactive State Machine,False,Irrelevant Preliminary Calculation and Variable Pollution,NM_STATE_01,0.40860215053763443,0.0,0.40860215053763443,TP,0.95
taxonomy,anthropic/claude-haiku-4.5,Miller_Emily_916799,Q2,NM_STATE_01,The Reactive State Machine,False,Premature Calculation with Uninitialized Variables,NM_STATE_01,0.4186046511627907,0.0,0.4186046511627907,TP,0.85
taxonomy,openai/gpt-5.1:reasoning,Miller_Emily_916799,Q2,NM_STATE_01,The Reactive State Machine,False,Formula-as-live-link (automatic recalculation of variables),NM_STATE_01,0.4421052631578947,0.0,0.4421052631578947,TP,0.65
taxonomy,google/gemini-2.5-flash-preview-09-2025:reasoning,Miller_Emily_916799,Q2,NM_STATE_01,The Reactive State Machine,False,Anticipatory Variable Initialization,NM_TYP_02,0.41935483870967744,0.0,0.41935483870967744,FP_WRONG,0.95
taxonomy,google/gemini-2.5-flash-preview-09-2025:reasoning,Miller_Emily_916799,Q2,NM_STATE_01,The Reactive State Machine,False,Reactive State Propagation (Implicit/Unused Variables),NM_TYP_01,0.35,0.0,0.35,FP_WRONG,0.8
taxonomy,google/gemini-2.5-flash-preview-09-2025:reasoning,Miller_Emily_916799,Q2,NM_STATE_01,The Reactive State Machine,False,,,0.0,0.0,0.0,FN,
taxonomy,anthropic/claude-haiku-4.5:reasoning,Miller_Emily_916799,Q2,NM_STATE_01,The Reactive State Machine,False,Pre-computation with Placeholder Values,NM_SYN_02,0.3728813559322034,0.0,0.3728813559322034,FP_WRONG,0.85
taxonomy,anthropic/claude-haiku-4.5:reasoning,Miller_Emily_916799,Q2,NM_STATE_01,The Reactive State Machine,False,,,0.0,0.0,0.0,FN,
taxonomy,openai/gpt-5.1,Robinson_David_819949,Q1,NM_SYN_02,The Algebraic Syntax Machine,False,Operator precedence misunderstanding in arithmetic expressions,NM_SYN_02,0.43902439024390244,0.0,0.43902439024390244,TP,0.86
taxonomy,google/gemini-2.5-flash-preview-09-2025,Robinson_David_819949,Q1,NM_SYN_02,The Algebraic Syntax Machine,False,PEMDAS/Operator Precedence Misunderstanding,NM_SYN_02,0.5079365079365079,0.0,0.5079365079365079,TP,1.0
taxonomy,anthropic/claude-haiku-4.5,Robinson_David_819949,Q1,NM_SYN_02,The Algebraic Syntax Machine,False,Operator Precedence Misunderstanding,NM_SYN_02,0.5714285714285714,0.0,0.5714285714285714,TP,0.98
taxonomy,openai/gpt-5.1:reasoning,Robinson_David_819949,Q1,NM_SYN_02,The Algebraic Syntax Machine,False,Operator Precedence Misunderstanding,NM_SYN_02,0.5714285714285714,0.0,0.5714285714285714,TP,0.95
taxonomy,google/gemini-2.5-flash-preview-09-2025:reasoning,Robinson_David_819949,Q1,NM_SYN_02,The Algebraic Syntax Machine,False,Implicit Parentheses Assumption (Operator Precedence Misunderstanding),NM_SYN_02,0.35555555555555557,0.0,0.35555555555555557,TP,1.0
taxonomy,anthropic/claude-haiku-4.5:reasoning,Robinson_David_819949,Q1,NM_SYN_02,The Algebraic Syntax Machine,False,Operator Precedence Misunderstanding,NM_SYN_02,0.5714285714285714,0.0,0.5714285714285714,TP,0.98
taxonomy,openai/gpt-5.1,Wright_Donna_588683,Q4,NM_TYP_01,The Fluid Type Machine,False,Belief that lost decimal precision will reappear when using double,NM_TYP_01,0.34782608695652173,0.0,0.34782608695652173,TP,0.93
taxonomy,google/gemini-2.5-flash-preview-09-2025,Wright_Donna_588683,Q4,NM_TYP_01,The Fluid Type Machine,False,Intermediate Truncation Misunderstanding,NM_TYP_01,0.48484848484848486,0.0,0.48484848484848486,TP,1.0
taxonomy,google/gemini-2.5-flash-preview-09-2025,Wright_Donna_588683,Q4,NM_TYP_01,The Fluid Type Machine,False,Integer Division Recovery Belief,NM_TYP_01,0.7241379310344828,0.0,0.7241379310344828,TP,1.0
taxonomy,anthropic/claude-haiku-4.5,Wright_Donna_588683,Q4,NM_TYP_01,The Fluid Type Machine,False,Type Conversion Salvation Misconception,NM_API_01,0.41379310344827586,0.0,0.41379310344827586,FP_WRONG,0.92
taxonomy,anthropic/claude-haiku-4.5,Wright_Donna_588683,Q4,NM_TYP_01,The Fluid Type Machine,False,Type Truncation Insignificance Misconception,NM_IO_01,0.3384615384615385,0.0,0.3384615384615385,FP_WRONG,0.89
taxonomy,anthropic/claude-haiku-4.5,Wright_Donna_588683,Q4,NM_TYP_01,The Fluid Type Machine,False,Compensatory Type Adjustment Misconception,NM_API_01,0.36065573770491804,0.0,0.36065573770491804,FP_WRONG,0.85
taxonomy,anthropic/claude-haiku-4.5,Wright_Donna_588683,Q4,NM_TYP_01,The Fluid Type Machine,False,,,0.0,0.0,0.0,FN,
taxonomy,openai/gpt-5.1:reasoning,Wright_Donna_588683,Q4,NM_TYP_01,The Fluid Type Machine,False,Belief that later doubles will recover lost decimals from ints,,0.29545454545454547,0.0,0.29545454545454547,FP_HALLUCINATION,0.96
taxonomy,openai/gpt-5.1:reasoning,Wright_Donna_588683,Q4,NM_TYP_01,The Fluid Type Machine,False,,,0.0,0.0,0.0,FN,
taxonomy,google/gemini-2.5-flash-preview-09-2025:reasoning,Wright_Donna_588683,Q4,NM_TYP_01,The Fluid Type Machine,False,Implicit Floating Point Casting and Value Preservation,NM_TYP_02,0.45,0.0,0.45,FP_WRONG,0.95
taxonomy,google/gemini-2.5-flash-preview-09-2025:reasoning,Wright_Donna_588683,Q4,NM_TYP_01,The Fluid Type Machine,False,,,0.0,0.0,0.0,FN,
taxonomy,anthropic/claude-haiku-4.5:reasoning,Wright_Donna_588683,Q4,NM_TYP_01,The Fluid Type Machine,False,Type Conversion Retroactively Fixes Data Loss,NM_TYP_01,0.36619718309859156,0.0,0.36619718309859156,TP,0.95
taxonomy,anthropic/claude-haiku-4.5:reasoning,Wright_Donna_588683,Q4,NM_TYP_01,The Fluid Type Machine,False,Casting to Int is Data-Loss Safe,NM_TYP_02,0.3793103448275862,0.0,0.3793103448275862,FP_WRONG,0.95
taxonomy,openai/gpt-5.1,Robinson_David_819949,Q2,NM_STATE_01,The Reactive State Machine,False,Automatically updating formula variable,,0.27692307692307694,0.0,0.27692307692307694,FP_HALLUCINATION,0.95
taxonomy,openai/gpt-5.1,Robinson_David_819949,Q2,NM_STATE_01,The Reactive State Machine,False,,,0.0,0.0,0.0,FN,
taxonomy,google/gemini-2.5-flash-preview-09-2025,Robinson_David_819949,Q2,NM_STATE_01,The Reactive State Machine,False,Prefatory Calculation / Static Assignment,NM_STATE_01,0.4935064935064935,0.0,0.4935064935064935,TP,1.0
taxonomy,anthropic/claude-haiku-4.5,Robinson_David_819949,Q2,NM_STATE_01,The Reactive State Machine,False,Premature Computation Before Input,NM_STATE_01,0.4,0.0,0.4,TP,0.95
taxonomy,openai/gpt-5.1:reasoning,Robinson_David_819949,Q2,NM_STATE_01,The Reactive State Machine,False,Automatic formula recomputation,NM_STATE_01,0.3283582089552239,0.0,0.3283582089552239,TP,0.95
taxonomy,google/gemini-2.5-flash-preview-09-2025:reasoning,Robinson_David_819949,Q2,NM_STATE_01,The Reactive State Machine,False,Calculation Before Input,NM_STATE_01,0.36666666666666664,0.0,0.36666666666666664,TP,1.0
taxonomy,anthropic/claude-haiku-4.5:reasoning,Robinson_David_819949,Q2,NM_STATE_01,The Reactive State Machine,False,Reactive Calculation Misconception,NM_STATE_01,0.5142857142857142,0.0,0.5142857142857142,TP,0.95
taxonomy,openai/gpt-5.1,Robinson_David_819949,Q4,NM_TYP_01,The Fluid Type Machine,False,Assuming real-number math while using int types,NM_TYP_01,0.410958904109589,0.0,0.410958904109589,TP,0.88
taxonomy,google/gemini-2.5-flash-preview-09-2025,Robinson_David_819949,Q4,NM_TYP_01,The Fluid Type Machine,False,Forced Integer Truncation of Floating-Point Results,NM_TYP_01,0.4935064935064935,0.0,0.4935064935064935,TP,1.0
taxonomy,google/gemini-2.5-flash-preview-09-2025,Robinson_David_819949,Q4,NM_TYP_01,The Fluid Type Machine,False,Integer Division for Semiperimeter Calculation,NM_TYP_01,0.5,0.0,0.5,TP,1.0
taxonomy,anthropic/claude-haiku-4.5,Robinson_David_819949,Q4,NM_TYP_01,The Fluid Type Machine,False,Premature Type Casting and Precision Loss,NM_TYP_02,0.47761194029850745,0.0,0.47761194029850745,FP_WRONG,0.95
taxonomy,anthropic/claude-haiku-4.5,Robinson_David_819949,Q4,NM_TYP_01,The Fluid Type Machine,False,Integer Arithmetic in Formula Implementation,NM_TYP_01,0.37142857142857144,0.0,0.37142857142857144,TP,0.85
taxonomy,openai/gpt-5.1:reasoning,Robinson_David_819949,Q4,NM_TYP_01,The Fluid Type Machine,False,Integers Behaving Like Real Numbers,NM_TYP_01,0.45901639344262296,0.0,0.45901639344262296,TP,0.9
taxonomy,google/gemini-2.5-flash-preview-09-2025:reasoning,Robinson_David_819949,Q4,NM_TYP_01,The Fluid Type Machine,False,Coerced Floating-Point Side Lengths,NM_SYN_02,0.4,0.0,0.4,FP_WRONG,0.95
taxonomy,google/gemini-2.5-flash-preview-09-2025:reasoning,Robinson_David_819949,Q4,NM_TYP_01,The Fluid Type Machine,False,Integer Arithmetic for Semiperimeter Calculation,NM_STATE_01,0.40476190476190477,0.0,0.40476190476190477,FP_WRONG,0.9
taxonomy,google/gemini-2.5-flash-preview-09-2025:reasoning,Robinson_David_819949,Q4,NM_TYP_01,The Fluid Type Machine,False,,,0.0,0.0,0.0,FN,
taxonomy,anthropic/claude-haiku-4.5:reasoning,Robinson_David_819949,Q4,NM_TYP_01,The Fluid Type Machine,False,Integer Type Chosen for Continuous Measurements,NM_TYP_01,0.410958904109589,0.0,0.410958904109589,TP,0.95
taxonomy,anthropic/claude-haiku-4.5:reasoning,Robinson_David_819949,Q4,NM_TYP_01,The Fluid Type Machine,False,Method Return Value Ignored Despite Practical Effect,,0.2777777777777778,0.0,0.2777777777777778,FP_HALLUCINATION,0.75
taxonomy,openai/gpt-5.1,Robles_Raymond_801158,Q4,NM_SYN_02,The Algebraic Syntax Machine,False,Implicit algebraic grouping in arithmetic expressions,NM_TYP_02,0.43037974683544306,0.0,0.43037974683544306,FP_WRONG,0.95
taxonomy,openai/gpt-5.1,Robles_Raymond_801158,Q4,NM_SYN_02,The Algebraic Syntax Machine,False,,,0.0,0.0,0.0,FN,
taxonomy,google/gemini-2.5-flash-preview-09-2025,Robles_Raymond_801158,Q4,NM_SYN_02,The Algebraic Syntax Machine,False,Implied Exponentiation in Algebra,NM_TYP_01,0.3728813559322034,0.0,0.3728813559322034,FP_WRONG,1.0
taxonomy,google/gemini-2.5-flash-preview-09-2025,Robles_Raymond_801158,Q4,NM_SYN_02,The Algebraic Syntax Machine,False,,,0.0,0.0,0.0,FN,
taxonomy,anthropic/claude-haiku-4.5,Robles_Raymond_801158,Q4,NM_SYN_02,The Algebraic Syntax Machine,False,Operator Precedence Misunderstanding,NM_SYN_02,0.5714285714285714,0.0,0.5714285714285714,TP,0.95
taxonomy,anthropic/claude-haiku-4.5,Robles_Raymond_801158,Q4,NM_SYN_02,The Algebraic Syntax Machine,False,Missing Parentheses for Correct Expression Grouping,NM_TYP_01,0.33766233766233766,0.0,0.33766233766233766,FP_WRONG,0.92
taxonomy,openai/gpt-5.1:reasoning,Robles_Raymond_801158,Q4,NM_SYN_02,The Algebraic Syntax Machine,False,Algebra-Style Grouping Instead of Java Operator Precedence,NM_TYP_02,0.30952380952380953,0.0,0.30952380952380953,FP_WRONG,0.93
taxonomy,openai/gpt-5.1:reasoning,Robles_Raymond_801158,Q4,NM_SYN_02,The Algebraic Syntax Machine,False,,,0.0,0.0,0.0,FN,
taxonomy,google/gemini-2.5-flash-preview-09-2025:reasoning,Robles_Raymond_801158,Q4,NM_SYN_02,The Algebraic Syntax Machine,False,Algebraic Formula Literal Translation,NM_IO_01,0.3448275862068966,0.0,0.3448275862068966,FP_WRONG,1.0
taxonomy,google/gemini-2.5-flash-preview-09-2025:reasoning,Robles_Raymond_801158,Q4,NM_SYN_02,The Algebraic Syntax Machine,False,,,0.0,0.0,0.0,FN,
taxonomy,anthropic/claude-haiku-4.5:reasoning,Robles_Raymond_801158,Q4,NM_SYN_02,The Algebraic Syntax Machine,False,Algebraic Syntax Machine / Operator Precedence Misunderstanding,NM_SYN_02,0.3855421686746988,0.0,0.3855421686746988,TP,0.95
